,unique_id,time_bin,crime_count,hotspot,predicted
26,1290,2017-03-01,3.0,0,0
27,1290,2017-03-15,2.0,0,0
28,1290,2017-03-29,2.0,0,0
29,1290,2017-04-12,1.0,0,0
30,1290,2017-04-26,4.0,0,0
31,1290,2017-05-10,2.0,0,0
32,1290,2017-05-24,3.0,0,0
59,1292,2017-03-01,1.0,0,0
60,1292,2017-03-15,0.0,0,0
61,1292,2017-03-29,0.0,0,0
62,1292,2017-04-12,2.0,0,0
63,1292,2017-04-26,2.0,0,0
64,1292,2017-05-10,3.0,0,0
65,1292,2017-05-24,1.0,0,0
92,1370,2017-03-01,1.0,0,0
93,1370,2017-03-15,1.0,0,0
94,1370,2017-03-29,1.0,0,0
95,1370,2017-04-12,0.0,0,0
96,1370,2017-04-26,1.0,0,0
97,1370,2017-05-10,2.0,0,0
98,1370,2017-05-24,2.0,0,0
125,1371,2017-03-01,1.0,0,0
126,1371,2017-03-15,0.0,0,0
127,1371,2017-03-29,0.0,0,0
128,1371,2017-04-12,0.0,0,0
129,1371,2017-04-26,0.0,0,0
130,1371,2017-05-10,2.0,0,0
131,1371,2017-05-24,1.0,0,0
158,1448,2017-03-01,0.0,0,0
159,1448,2017-03-15,0.0,0,0
160,1448,2017-03-29,0.0,0,0
161,1448,2017-04-12,1.0,0,0
162,1448,2017-04-26,0.0,0,0
163,1448,2017-05-10,0.0,0,0
164,1448,2017-05-24,0.0,0,0
191,1522,2017-03-01,2.0,0,0
192,1522,2017-03-15,0.0,0,0
193,1522,2017-03-29,2.0,0,0
194,1522,2017-04-12,5.0,1,0
195,1522,2017-04-26,1.0,0,0
196,1522,2017-05-10,0.0,0,0
197,1522,2017-05-24,2.0,0,0
224,1637,2017-03-01,0.0,0,0
225,1637,2017-03-15,3.0,0,0
226,1637,2017-03-29,2.0,0,0
227,1637,2017-04-12,0.0,0,0
228,1637,2017-04-26,0.0,0,0
229,1637,2017-05-10,1.0,0,0
230,1637,2017-05-24,0.0,0,0
257,1752,2017-03-01,1.0,0,0
258,1752,2017-03-15,0.0,0,0
259,1752,2017-03-29,1.0,0,0
260,1752,2017-04-12,3.0,0,0
261,1752,2017-04-26,0.0,0,0
262,1752,2017-05-10,1.0,0,0
263,1752,2017-05-24,0.0,0,0
290,1753,2017-03-01,0.0,0,0
291,1753,2017-03-15,1.0,0,0
292,1753,2017-03-29,0.0,0,0
293,1753,2017-04-12,0.0,0,0
294,1753,2017-04-26,0.0,0,0
295,1753,2017-05-10,0.0,0,0
296,1753,2017-05-24,0.0,0,0
323,2096,2017-03-01,0.0,0,0
324,2096,2017-03-15,0.0,0,0
325,2096,2017-03-29,1.0,0,0
326,2096,2017-04-12,1.0,0,0
327,2096,2017-04-26,0.0,0,0
328,2096,2017-05-10,0.0,0,0
329,2096,2017-05-24,0.0,0,0
356,2338,2017-03-01,3.0,0,0
357,2338,2017-03-15,0.0,0,0
358,2338,2017-03-29,4.0,0,0
359,2338,2017-04-12,2.0,0,0
360,2338,2017-04-26,1.0,0,0
361,2338,2017-05-10,1.0,0,0
362,2338,2017-05-24,2.0,0,0
389,2369,2017-03-01,0.0,0,0
390,2369,2017-03-15,0.0,0,0
391,2369,2017-03-29,0.0,0,0
392,2369,2017-04-12,0.0,0,0
393,2369,2017-04-26,0.0,0,0
394,2369,2017-05-10,1.0,0,0
395,2369,2017-05-24,1.0,0,0
422,2452,2017-03-01,2.0,0,0
423,2452,2017-03-15,0.0,0,0
424,2452,2017-03-29,1.0,0,0
425,2452,2017-04-12,0.0,0,0
426,2452,2017-04-26,1.0,0,0
427,2452,2017-05-10,1.0,0,0
428,2452,2017-05-24,0.0,0,0
455,2453,2017-03-01,0.0,0,0
456,2453,2017-03-15,0.0,0,0
457,2453,2017-03-29,0.0,0,0
458,2453,2017-04-12,0.0,0,0
459,2453,2017-04-26,1.0,0,0
460,2453,2017-05-10,0.0,0,0
461,2453,2017-05-24,0.0,0,0
488,2457,2017-03-01,0.0,0,0
489,2457,2017-03-15,0.0,0,0
490,2457,2017-03-29,0.0,0,0
491,2457,2017-04-12,1.0,0,0
492,2457,2017-04-26,1.0,0,0
493,2457,2017-05-10,0.0,0,0
494,2457,2017-05-24,0.0,0,0
521,2568,2017-03-01,0.0,0,0
522,2568,2017-03-15,0.0,0,0
523,2568,2017-03-29,0.0,0,0
524,2568,2017-04-12,0.0,0,0
525,2568,2017-04-26,0.0,0,0
526,2568,2017-05-10,0.0,0,0
527,2568,2017-05-24,0.0,0,0
554,2687,2017-03-01,0.0,0,0
555,2687,2017-03-15,0.0,0,0
556,2687,2017-03-29,0.0,0,0
557,2687,2017-04-12,0.0,0,0
558,2687,2017-04-26,1.0,0,0
559,2687,2017-05-10,0.0,0,0
560,2687,2017-05-24,0.0,0,0
587,2795,2017-03-01,0.0,0,0
588,2795,2017-03-15,1.0,0,0
589,2795,2017-03-29,3.0,0,0
590,2795,2017-04-12,1.0,0,0
591,2795,2017-04-26,1.0,0,0
592,2795,2017-05-10,0.0,0,0
593,2795,2017-05-24,2.0,0,0
620,2801,2017-03-01,0.0,0,0
621,2801,2017-03-15,1.0,0,0
622,2801,2017-03-29,0.0,0,0
623,2801,2017-04-12,0.0,0,0
624,2801,2017-04-26,0.0,0,0
625,2801,2017-05-10,0.0,0,0
626,2801,2017-05-24,0.0,0,0
653,2911,2017-03-01,0.0,0,0
654,2911,2017-03-15,0.0,0,0
655,2911,2017-03-29,2.0,0,0
656,2911,2017-04-12,1.0,0,0
657,2911,2017-04-26,1.0,0,0
658,2911,2017-05-10,2.0,0,0
659,2911,2017-05-24,2.0,0,0
686,3147,2017-03-01,1.0,0,0
687,3147,2017-03-15,1.0,0,0
688,3147,2017-03-29,1.0,0,0
689,3147,2017-04-12,0.0,0,0
690,3147,2017-04-26,0.0,0,0
691,3147,2017-05-10,2.0,0,0
692,3147,2017-05-24,0.0,0,0
719,3187,2017-03-01,1.0,0,0
720,3187,2017-03-15,0.0,0,0
721,3187,2017-03-29,0.0,0,0
722,3187,2017-04-12,0.0,0,0
723,3187,2017-04-26,0.0,0,0
724,3187,2017-05-10,1.0,0,0
725,3187,2017-05-24,0.0,0,0
752,3261,2017-03-01,3.0,0,0
753,3261,2017-03-15,1.0,0,0
754,3261,2017-03-29,1.0,0,0
755,3261,2017-04-12,3.0,0,0
756,3261,2017-04-26,3.0,0,0
757,3261,2017-05-10,0.0,0,0
758,3261,2017-05-24,1.0,0,0
785,3262,2017-03-01,0.0,0,0
786,3262,2017-03-15,1.0,0,0
787,3262,2017-03-29,0.0,0,0
788,3262,2017-04-12,2.0,0,0
789,3262,2017-04-26,1.0,0,0
790,3262,2017-05-10,0.0,0,0
791,3262,2017-05-24,0.0,0,0
818,3486,2017-03-01,0.0,0,0
819,3486,2017-03-15,0.0,0,0
820,3486,2017-03-29,0.0,0,0
821,3486,2017-04-12,1.0,0,0
822,3486,2017-04-26,0.0,0,0
823,3486,2017-05-10,0.0,0,0
824,3486,2017-05-24,0.0,0,0
851,4013,2017-03-01,4.0,0,0
852,4013,2017-03-15,6.0,1,0
853,4013,2017-03-29,0.0,0,0
854,4013,2017-04-12,2.0,0,0
855,4013,2017-04-26,0.0,0,0
856,4013,2017-05-10,1.0,0,0
857,4013,2017-05-24,1.0,0,0
884,4017,2017-03-01,0.0,0,0
885,4017,2017-03-15,0.0,0,0
886,4017,2017-03-29,0.0,0,0
887,4017,2017-04-12,0.0,0,0
888,4017,2017-04-26,0.0,0,0
889,4017,2017-05-10,0.0,0,0
890,4017,2017-05-24,0.0,0,0
917,4126,2017-03-01,1.0,0,0
918,4126,2017-03-15,3.0,0,0
919,4126,2017-03-29,0.0,0,0
920,4126,2017-04-12,2.0,0,0
921,4126,2017-04-26,1.0,0,0
922,4126,2017-05-10,1.0,0,0
923,4126,2017-05-24,0.0,0,0
950,4127,2017-03-01,1.0,0,0
951,4127,2017-03-15,1.0,0,0
952,4127,2017-03-29,0.0,0,0
953,4127,2017-04-12,0.0,0,0
954,4127,2017-04-26,3.0,0,0
955,4127,2017-05-10,1.0,0,0
956,4127,2017-05-24,1.0,0,0
983,4128,2017-03-01,0.0,0,0
984,4128,2017-03-15,0.0,0,0
985,4128,2017-03-29,0.0,0,0
986,4128,2017-04-12,0.0,0,0
987,4128,2017-04-26,0.0,0,0
988,4128,2017-05-10,1.0,0,0
989,4128,2017-05-24,0.0,0,0
1016,4149,2017-03-01,2.0,0,0
1017,4149,2017-03-15,0.0,0,0
1018,4149,2017-03-29,0.0,0,0
1019,4149,2017-04-12,0.0,0,0
1020,4149,2017-04-26,0.0,0,0
1021,4149,2017-05-10,0.0,0,0
1022,4149,2017-05-24,0.0,0,0
1049,4236,2017-03-01,3.0,0,0
1050,4236,2017-03-15,3.0,0,0
1051,4236,2017-03-29,3.0,0,0
1052,4236,2017-04-12,3.0,0,0
1053,4236,2017-04-26,2.0,0,0
1054,4236,2017-05-10,1.0,0,0
1055,4236,2017-05-24,2.0,0,0
1082,4237,2017-03-01,0.0,0,0
1083,4237,2017-03-15,1.0,0,0
1084,4237,2017-03-29,0.0,0,0
1085,4237,2017-04-12,1.0,0,0
1086,4237,2017-04-26,2.0,0,0
1087,4237,2017-05-10,0.0,0,0
1088,4237,2017-05-24,1.0,0,0
1115,4238,2017-03-01,0.0,0,0
1116,4238,2017-03-15,0.0,0,0
1117,4238,2017-03-29,1.0,0,0
1118,4238,2017-04-12,0.0,0,0
1119,4238,2017-04-26,0.0,0,0
1120,4238,2017-05-10,0.0,0,0
1121,4238,2017-05-24,2.0,0,0
1148,4273,2017-03-01,0.0,0,0
1149,4273,2017-03-15,0.0,0,0
1150,4273,2017-03-29,0.0,0,0
1151,4273,2017-04-12,1.0,0,0
1152,4273,2017-04-26,1.0,0,0
1153,4273,2017-05-10,1.0,0,0
1154,4273,2017-05-24,0.0,0,0
1181,4348,2017-03-01,4.0,0,0
1182,4348,2017-03-15,3.0,0,0
1183,4348,2017-03-29,5.0,1,0
1184,4348,2017-04-12,3.0,0,0
1185,4348,2017-04-26,4.0,0,0
1186,4348,2017-05-10,6.0,1,0
1187,4348,2017-05-24,1.0,0,0
1214,4349,2017-03-01,2.0,0,0
1215,4349,2017-03-15,3.0,0,0
1216,4349,2017-03-29,0.0,0,0
1217,4349,2017-04-12,3.0,0,0
1218,4349,2017-04-26,5.0,1,0
1219,4349,2017-05-10,3.0,0,0
1220,4349,2017-05-24,0.0,0,0
1247,4350,2017-03-01,4.0,0,0
1248,4350,2017-03-15,2.0,0,0
1249,4350,2017-03-29,2.0,0,0
1250,4350,2017-04-12,1.0,0,0
1251,4350,2017-04-26,2.0,0,0
1252,4350,2017-05-10,1.0,0,0
1253,4350,2017-05-24,3.0,0,0
1280,4386,2017-03-01,0.0,0,0
1281,4386,2017-03-15,0.0,0,0
1282,4386,2017-03-29,0.0,0,0
1283,4386,2017-04-12,0.0,0,0
1284,4386,2017-04-26,0.0,0,0
1285,4386,2017-05-10,0.0,0,0
1286,4386,2017-05-24,1.0,0,0
1313,4456,2017-03-01,1.0,0,0
1314,4456,2017-03-15,0.0,0,0
1315,4456,2017-03-29,4.0,0,0
1316,4456,2017-04-12,0.0,0,0
1317,4456,2017-04-26,0.0,0,0
1318,4456,2017-05-10,0.0,0,0
1319,4456,2017-05-24,0.0,0,0
1346,4459,2017-03-01,0.0,0,0
1347,4459,2017-03-15,1.0,0,0
1348,4459,2017-03-29,0.0,0,0
1349,4459,2017-04-12,1.0,0,0
1350,4459,2017-04-26,1.0,0,0
1351,4459,2017-05-10,1.0,0,0
1352,4459,2017-05-24,0.0,0,0
1379,4460,2017-03-01,6.0,1,1
1380,4460,2017-03-15,14.0,1,1
1381,4460,2017-03-29,5.0,1,1
1382,4460,2017-04-12,10.0,1,1
1383,4460,2017-04-26,12.0,1,1
1384,4460,2017-05-10,9.0,1,1
1385,4460,2017-05-24,8.0,1,1
1412,4461,2017-03-01,2.0,0,0
1413,4461,2017-03-15,0.0,0,0
1414,4461,2017-03-29,0.0,0,0
1415,4461,2017-04-12,0.0,0,0
1416,4461,2017-04-26,3.0,0,0
1417,4461,2017-05-10,3.0,0,0
1418,4461,2017-05-24,0.0,0,0
1445,4463,2017-03-01,1.0,0,0
1446,4463,2017-03-15,2.0,0,0
1447,4463,2017-03-29,2.0,0,0
1448,4463,2017-04-12,2.0,0,0
1449,4463,2017-04-26,2.0,0,0
1450,4463,2017-05-10,1.0,0,0
1451,4463,2017-05-24,2.0,0,0
1478,4468,2017-03-01,0.0,0,0
1479,4468,2017-03-15,0.0,0,0
1480,4468,2017-03-29,0.0,0,0
1481,4468,2017-04-12,0.0,0,0
1482,4468,2017-04-26,0.0,0,0
1483,4468,2017-05-10,0.0,0,0
1484,4468,2017-05-24,1.0,0,0
1511,4571,2017-03-01,1.0,0,0
1512,4571,2017-03-15,0.0,0,0
1513,4571,2017-03-29,1.0,0,0
1514,4571,2017-04-12,0.0,0,0
1515,4571,2017-04-26,0.0,0,0
1516,4571,2017-05-10,0.0,0,0
1517,4571,2017-05-24,0.0,0,0
1544,4572,2017-03-01,2.0,0,0
1545,4572,2017-03-15,0.0,0,0
1546,4572,2017-03-29,2.0,0,0
1547,4572,2017-04-12,0.0,0,0
1548,4572,2017-04-26,2.0,0,0
1549,4572,2017-05-10,0.0,0,0
1550,4572,2017-05-24,0.0,0,0
1577,4573,2017-03-01,0.0,0,0
1578,4573,2017-03-15,0.0,0,0
1579,4573,2017-03-29,0.0,0,0
1580,4573,2017-04-12,0.0,0,0
1581,4573,2017-04-26,0.0,0,0
1582,4573,2017-05-10,0.0,0,0
1583,4573,2017-05-24,0.0,0,0
1610,4574,2017-03-01,1.0,0,0
1611,4574,2017-03-15,1.0,0,0
1612,4574,2017-03-29,2.0,0,0
1613,4574,2017-04-12,0.0,0,0
1614,4574,2017-04-26,2.0,0,0
1615,4574,2017-05-10,0.0,0,0
1616,4574,2017-05-24,0.0,0,0
1643,4575,2017-03-01,0.0,0,0
1644,4575,2017-03-15,1.0,0,0
1645,4575,2017-03-29,0.0,0,0
1646,4575,2017-04-12,3.0,0,0
1647,4575,2017-04-26,3.0,0,0
1648,4575,2017-05-10,0.0,0,0
1649,4575,2017-05-24,5.0,1,0
1676,4576,2017-03-01,6.0,1,1
1677,4576,2017-03-15,11.0,1,1
1678,4576,2017-03-29,13.0,1,1
1679,4576,2017-04-12,7.0,1,1
1680,4576,2017-04-26,11.0,1,1
1681,4576,2017-05-10,2.0,0,1
1682,4576,2017-05-24,5.0,1,1
1709,4577,2017-03-01,2.0,0,0
1710,4577,2017-03-15,3.0,0,0
1711,4577,2017-03-29,6.0,1,0
1712,4577,2017-04-12,4.0,0,0
1713,4577,2017-04-26,2.0,0,0
1714,4577,2017-05-10,4.0,0,0
1715,4577,2017-05-24,2.0,0,0
1742,4578,2017-03-01,2.0,0,0
1743,4578,2017-03-15,0.0,0,0
1744,4578,2017-03-29,0.0,0,0
1745,4578,2017-04-12,1.0,0,0
1746,4578,2017-04-26,1.0,0,0
1747,4578,2017-05-10,3.0,0,0
1748,4578,2017-05-24,0.0,0,0
1775,4580,2017-03-01,6.0,1,0
1776,4580,2017-03-15,2.0,0,0
1777,4580,2017-03-29,0.0,0,0
1778,4580,2017-04-12,2.0,0,0
1779,4580,2017-04-26,5.0,1,0
1780,4580,2017-05-10,4.0,0,0
1781,4580,2017-05-24,1.0,0,0
1808,4585,2017-03-01,2.0,0,0
1809,4585,2017-03-15,2.0,0,0
1810,4585,2017-03-29,0.0,0,0
1811,4585,2017-04-12,0.0,0,0
1812,4585,2017-04-26,2.0,0,0
1813,4585,2017-05-10,3.0,0,0
1814,4585,2017-05-24,4.0,0,0
1841,4617,2017-03-01,1.0,0,0
1842,4617,2017-03-15,2.0,0,0
1843,4617,2017-03-29,3.0,0,0
1844,4617,2017-04-12,3.0,0,0
1845,4617,2017-04-26,1.0,0,0
1846,4617,2017-05-10,1.0,0,0
1847,4617,2017-05-24,1.0,0,0
1874,4687,2017-03-01,1.0,0,0
1875,4687,2017-03-15,2.0,0,0
1876,4687,2017-03-29,1.0,0,0
1877,4687,2017-04-12,1.0,0,0
1878,4687,2017-04-26,1.0,0,0
1879,4687,2017-05-10,2.0,0,0
1880,4687,2017-05-24,0.0,0,0
1907,4688,2017-03-01,1.0,0,0
1908,4688,2017-03-15,0.0,0,0
1909,4688,2017-03-29,1.0,0,0
1910,4688,2017-04-12,1.0,0,0
1911,4688,2017-04-26,2.0,0,0
1912,4688,2017-05-10,4.0,0,0
1913,4688,2017-05-24,0.0,0,0
1940,4691,2017-03-01,3.0,0,0
1941,4691,2017-03-15,2.0,0,0
1942,4691,2017-03-29,2.0,0,0
1943,4691,2017-04-12,2.0,0,0
1944,4691,2017-04-26,1.0,0,0
1945,4691,2017-05-10,3.0,0,0
1946,4691,2017-05-24,0.0,0,0
1973,4692,2017-03-01,3.0,0,0
1974,4692,2017-03-15,5.0,1,0
1975,4692,2017-03-29,1.0,0,0
1976,4692,2017-04-12,1.0,0,0
1977,4692,2017-04-26,7.0,1,0
1978,4692,2017-05-10,8.0,1,0
1979,4692,2017-05-24,3.0,0,0
2006,4693,2017-03-01,4.0,0,0
2007,4693,2017-03-15,4.0,0,0
2008,4693,2017-03-29,5.0,1,0
2009,4693,2017-04-12,3.0,0,0
2010,4693,2017-04-26,3.0,0,0
2011,4693,2017-05-10,3.0,0,0
2012,4693,2017-05-24,3.0,0,0
2039,4694,2017-03-01,3.0,0,0
2040,4694,2017-03-15,1.0,0,0
2041,4694,2017-03-29,4.0,0,0
2042,4694,2017-04-12,2.0,0,0
2043,4694,2017-04-26,3.0,0,0
2044,4694,2017-05-10,2.0,0,0
2045,4694,2017-05-24,1.0,0,0
2072,4695,2017-03-01,3.0,0,0
2073,4695,2017-03-15,3.0,0,0
2074,4695,2017-03-29,3.0,0,0
2075,4695,2017-04-12,3.0,0,0
2076,4695,2017-04-26,1.0,0,0
2077,4695,2017-05-10,1.0,0,0
2078,4695,2017-05-24,2.0,0,0
2105,4696,2017-03-01,1.0,0,0
2106,4696,2017-03-15,2.0,0,0
2107,4696,2017-03-29,3.0,0,0
2108,4696,2017-04-12,0.0,0,0
2109,4696,2017-04-26,0.0,0,0
2110,4696,2017-05-10,0.0,0,0
2111,4696,2017-05-24,1.0,0,0
2138,4699,2017-03-01,0.0,0,0
2139,4699,2017-03-15,0.0,0,0
2140,4699,2017-03-29,0.0,0,0
2141,4699,2017-04-12,1.0,0,0
2142,4699,2017-04-26,0.0,0,0
2143,4699,2017-05-10,2.0,0,0
2144,4699,2017-05-24,1.0,0,0
2171,4732,2017-03-01,2.0,0,0
2172,4732,2017-03-15,0.0,0,0
2173,4732,2017-03-29,1.0,0,0
2174,4732,2017-04-12,0.0,0,0
2175,4732,2017-04-26,2.0,0,0
2176,4732,2017-05-10,0.0,0,0
2177,4732,2017-05-24,0.0,0,0
2204,4802,2017-03-01,0.0,0,0
2205,4802,2017-03-15,1.0,0,0
2206,4802,2017-03-29,0.0,0,0
2207,4802,2017-04-12,0.0,0,0
2208,4802,2017-04-26,0.0,0,0
2209,4802,2017-05-10,0.0,0,0
2210,4802,2017-05-24,1.0,0,0
2237,4803,2017-03-01,2.0,0,0
2238,4803,2017-03-15,0.0,0,0
2239,4803,2017-03-29,0.0,0,0
2240,4803,2017-04-12,1.0,0,0
2241,4803,2017-04-26,2.0,0,0
2242,4803,2017-05-10,2.0,0,0
2243,4803,2017-05-24,1.0,0,0
2270,4807,2017-03-01,2.0,0,0
2271,4807,2017-03-15,2.0,0,0
2272,4807,2017-03-29,0.0,0,0
2273,4807,2017-04-12,2.0,0,0
2274,4807,2017-04-26,3.0,0,0
2275,4807,2017-05-10,2.0,0,0
2276,4807,2017-05-24,0.0,0,0
2303,4808,2017-03-01,0.0,0,0
2304,4808,2017-03-15,1.0,0,0
2305,4808,2017-03-29,1.0,0,0
2306,4808,2017-04-12,2.0,0,0
2307,4808,2017-04-26,3.0,0,0
2308,4808,2017-05-10,2.0,0,0
2309,4808,2017-05-24,3.0,0,0
2336,4809,2017-03-01,2.0,0,0
2337,4809,2017-03-15,7.0,1,0
2338,4809,2017-03-29,8.0,1,0
2339,4809,2017-04-12,1.0,0,0
2340,4809,2017-04-26,4.0,0,0
2341,4809,2017-05-10,0.0,0,0
2342,4809,2017-05-24,0.0,0,0
2369,4810,2017-03-01,4.0,0,0
2370,4810,2017-03-15,3.0,0,0
2371,4810,2017-03-29,0.0,0,0
2372,4810,2017-04-12,3.0,0,0
2373,4810,2017-04-26,1.0,0,0
2374,4810,2017-05-10,2.0,0,0
2375,4810,2017-05-24,0.0,0,0
2402,4811,2017-03-01,1.0,0,0
2403,4811,2017-03-15,0.0,0,0
2404,4811,2017-03-29,5.0,1,0
2405,4811,2017-04-12,4.0,0,0
2406,4811,2017-04-26,0.0,0,0
2407,4811,2017-05-10,2.0,0,0
2408,4811,2017-05-24,1.0,0,0
2435,4812,2017-03-01,0.0,0,0
2436,4812,2017-03-15,1.0,0,0
2437,4812,2017-03-29,0.0,0,0
2438,4812,2017-04-12,0.0,0,0
2439,4812,2017-04-26,1.0,0,0
2440,4812,2017-05-10,0.0,0,0
2441,4812,2017-05-24,1.0,0,0
2468,4814,2017-03-01,2.0,0,0
2469,4814,2017-03-15,5.0,1,0
2470,4814,2017-03-29,3.0,0,0
2471,4814,2017-04-12,2.0,0,0
2472,4814,2017-04-26,4.0,0,0
2473,4814,2017-05-10,3.0,0,0
2474,4814,2017-05-24,4.0,0,0
2501,4815,2017-03-01,4.0,0,0
2502,4815,2017-03-15,1.0,0,0
2503,4815,2017-03-29,1.0,0,0
2504,4815,2017-04-12,0.0,0,0
2505,4815,2017-04-26,4.0,0,0
2506,4815,2017-05-10,5.0,1,0
2507,4815,2017-05-24,0.0,0,0
2534,4831,2017-03-01,1.0,0,0
2535,4831,2017-03-15,3.0,0,0
2536,4831,2017-03-29,0.0,0,0
2537,4831,2017-04-12,0.0,0,0
2538,4831,2017-04-26,4.0,0,0
2539,4831,2017-05-10,1.0,0,0
2540,4831,2017-05-24,0.0,0,0
2567,4833,2017-03-01,2.0,0,0
2568,4833,2017-03-15,3.0,0,0
2569,4833,2017-03-29,2.0,0,0
2570,4833,2017-04-12,0.0,0,0
2571,4833,2017-04-26,2.0,0,0
2572,4833,2017-05-10,2.0,0,0
2573,4833,2017-05-24,1.0,0,0
2600,4835,2017-03-01,1.0,0,0
2601,4835,2017-03-15,0.0,0,0
2602,4835,2017-03-29,0.0,0,0
2603,4835,2017-04-12,1.0,0,0
2604,4835,2017-04-26,2.0,0,0
2605,4835,2017-05-10,1.0,0,0
2606,4835,2017-05-24,0.0,0,0
2633,4843,2017-03-01,1.0,0,0
2634,4843,2017-03-15,0.0,0,0
2635,4843,2017-03-29,0.0,0,0
2636,4843,2017-04-12,0.0,0,0
2637,4843,2017-04-26,1.0,0,0
2638,4843,2017-05-10,1.0,0,0
2639,4843,2017-05-24,3.0,0,0
2666,4921,2017-03-01,1.0,0,0
2667,4921,2017-03-15,0.0,0,0
2668,4921,2017-03-29,0.0,0,0
2669,4921,2017-04-12,0.0,0,0
2670,4921,2017-04-26,1.0,0,0
2671,4921,2017-05-10,0.0,0,0
2672,4921,2017-05-24,1.0,0,0
2699,4922,2017-03-01,1.0,0,0
2700,4922,2017-03-15,1.0,0,0
2701,4922,2017-03-29,0.0,0,0
2702,4922,2017-04-12,1.0,0,0
2703,4922,2017-04-26,2.0,0,0
2704,4922,2017-05-10,2.0,0,0
2705,4922,2017-05-24,0.0,0,0
2732,4923,2017-03-01,0.0,0,0
2733,4923,2017-03-15,4.0,0,0
2734,4923,2017-03-29,1.0,0,0
2735,4923,2017-04-12,2.0,0,0
2736,4923,2017-04-26,3.0,0,0
2737,4923,2017-05-10,3.0,0,0
2738,4923,2017-05-24,1.0,0,0
2765,4924,2017-03-01,6.0,1,0
2766,4924,2017-03-15,5.0,1,0
2767,4924,2017-03-29,1.0,0,0
2768,4924,2017-04-12,9.0,1,0
2769,4924,2017-04-26,4.0,0,0
2770,4924,2017-05-10,5.0,1,1
2771,4924,2017-05-24,2.0,0,1
2798,4925,2017-03-01,1.0,0,0
2799,4925,2017-03-15,1.0,0,0
2800,4925,2017-03-29,3.0,0,0
2801,4925,2017-04-12,4.0,0,0
2802,4925,2017-04-26,2.0,0,0
2803,4925,2017-05-10,2.0,0,0
2804,4925,2017-05-24,0.0,0,0
2831,4926,2017-03-01,4.0,0,0
2832,4926,2017-03-15,2.0,0,0
2833,4926,2017-03-29,1.0,0,0
2834,4926,2017-04-12,3.0,0,0
2835,4926,2017-04-26,6.0,1,0
2836,4926,2017-05-10,0.0,0,0
2837,4926,2017-05-24,0.0,0,0
2864,4927,2017-03-01,1.0,0,0
2865,4927,2017-03-15,2.0,0,0
2866,4927,2017-03-29,1.0,0,0
2867,4927,2017-04-12,3.0,0,0
2868,4927,2017-04-26,5.0,1,0
2869,4927,2017-05-10,4.0,0,0
2870,4927,2017-05-24,2.0,0,0
2897,4928,2017-03-01,3.0,0,0
2898,4928,2017-03-15,0.0,0,0
2899,4928,2017-03-29,2.0,0,0
2900,4928,2017-04-12,2.0,0,0
2901,4928,2017-04-26,3.0,0,0
2902,4928,2017-05-10,2.0,0,0
2903,4928,2017-05-24,2.0,0,0
2930,4929,2017-03-01,1.0,0,0
2931,4929,2017-03-15,4.0,0,0
2932,4929,2017-03-29,4.0,0,0
2933,4929,2017-04-12,2.0,0,0
2934,4929,2017-04-26,2.0,0,0
2935,4929,2017-05-10,4.0,0,0
2936,4929,2017-05-24,2.0,0,0
2963,4959,2017-03-01,0.0,0,0
2964,4959,2017-03-15,0.0,0,0
2965,4959,2017-03-29,1.0,0,0
2966,4959,2017-04-12,1.0,0,0
2967,4959,2017-04-26,0.0,0,0
2968,4959,2017-05-10,1.0,0,0
2969,4959,2017-05-24,2.0,0,0
2996,4979,2017-03-01,0.0,0,0
2997,4979,2017-03-15,0.0,0,0
2998,4979,2017-03-29,0.0,0,0
2999,4979,2017-04-12,0.0,0,0
3000,4979,2017-04-26,1.0,0,0
3001,4979,2017-05-10,0.0,0,0
3002,4979,2017-05-24,1.0,0,0
3029,4982,2017-03-01,1.0,0,0
3030,4982,2017-03-15,1.0,0,0
3031,4982,2017-03-29,2.0,0,0
3032,4982,2017-04-12,1.0,0,0
3033,4982,2017-04-26,2.0,0,0
3034,4982,2017-05-10,2.0,0,0
3035,4982,2017-05-24,1.0,0,0
3062,5038,2017-03-01,1.0,0,0
3063,5038,2017-03-15,0.0,0,0
3064,5038,2017-03-29,1.0,0,0
3065,5038,2017-04-12,5.0,1,0
3066,5038,2017-04-26,0.0,0,0
3067,5038,2017-05-10,0.0,0,0
3068,5038,2017-05-24,1.0,0,0
3095,5039,2017-03-01,0.0,0,0
3096,5039,2017-03-15,2.0,0,0
3097,5039,2017-03-29,3.0,0,0
3098,5039,2017-04-12,3.0,0,0
3099,5039,2017-04-26,1.0,0,0
3100,5039,2017-05-10,3.0,0,0
3101,5039,2017-05-24,3.0,0,0
3128,5040,2017-03-01,9.0,1,0
3129,5040,2017-03-15,7.0,1,1
3130,5040,2017-03-29,11.0,1,1
3131,5040,2017-04-12,5.0,1,1
3132,5040,2017-04-26,13.0,1,1
3133,5040,2017-05-10,8.0,1,1
3134,5040,2017-05-24,4.0,0,1
3161,5041,2017-03-01,9.0,1,1
3162,5041,2017-03-15,5.0,1,1
3163,5041,2017-03-29,5.0,1,1
3164,5041,2017-04-12,6.0,1,1
3165,5041,2017-04-26,7.0,1,1
3166,5041,2017-05-10,4.0,0,1
3167,5041,2017-05-24,3.0,0,1
3194,5042,2017-03-01,5.0,1,1
3195,5042,2017-03-15,6.0,1,1
3196,5042,2017-03-29,6.0,1,1
3197,5042,2017-04-12,5.0,1,1
3198,5042,2017-04-26,5.0,1,1
3199,5042,2017-05-10,4.0,0,1
3200,5042,2017-05-24,5.0,1,1
3227,5043,2017-03-01,9.0,1,1
3228,5043,2017-03-15,2.0,0,1
3229,5043,2017-03-29,8.0,1,1
3230,5043,2017-04-12,6.0,1,1
3231,5043,2017-04-26,7.0,1,1
3232,5043,2017-05-10,10.0,1,1
3233,5043,2017-05-24,4.0,0,1
3260,5044,2017-03-01,13.0,1,1
3261,5044,2017-03-15,9.0,1,1
3262,5044,2017-03-29,9.0,1,1
3263,5044,2017-04-12,11.0,1,1
3264,5044,2017-04-26,16.0,1,1
3265,5044,2017-05-10,14.0,1,1
3266,5044,2017-05-24,8.0,1,1
3293,5045,2017-03-01,3.0,0,0
3294,5045,2017-03-15,0.0,0,0
3295,5045,2017-03-29,3.0,0,0
3296,5045,2017-04-12,3.0,0,0
3297,5045,2017-04-26,0.0,0,0
3298,5045,2017-05-10,2.0,0,0
3299,5045,2017-05-24,1.0,0,0
3326,5046,2017-03-01,2.0,0,0
3327,5046,2017-03-15,5.0,1,0
3328,5046,2017-03-29,3.0,0,0
3329,5046,2017-04-12,2.0,0,0
3330,5046,2017-04-26,2.0,0,0
3331,5046,2017-05-10,3.0,0,0
3332,5046,2017-05-24,2.0,0,0
3359,5152,2017-03-01,0.0,0,0
3360,5152,2017-03-15,0.0,0,0
3361,5152,2017-03-29,1.0,0,0
3362,5152,2017-04-12,1.0,0,0
3363,5152,2017-04-26,0.0,0,0
3364,5152,2017-05-10,1.0,0,0
3365,5152,2017-05-24,0.0,0,0
3392,5153,2017-03-01,2.0,0,0
3393,5153,2017-03-15,2.0,0,0
3394,5153,2017-03-29,3.0,0,0
3395,5153,2017-04-12,0.0,0,0
3396,5153,2017-04-26,5.0,1,0
3397,5153,2017-05-10,1.0,0,0
3398,5153,2017-05-24,1.0,0,0
3425,5155,2017-03-01,2.0,0,0
3426,5155,2017-03-15,11.0,1,0
3427,5155,2017-03-29,6.0,1,0
3428,5155,2017-04-12,9.0,1,1
3429,5155,2017-04-26,10.0,1,1
3430,5155,2017-05-10,4.0,0,1
3431,5155,2017-05-24,8.0,1,1
3458,5156,2017-03-01,6.0,1,1
3459,5156,2017-03-15,7.0,1,1
3460,5156,2017-03-29,7.0,1,1
3461,5156,2017-04-12,12.0,1,1
3462,5156,2017-04-26,8.0,1,1
3463,5156,2017-05-10,12.0,1,1
3464,5156,2017-05-24,9.0,1,1
3491,5157,2017-03-01,11.0,1,1
3492,5157,2017-03-15,9.0,1,1
3493,5157,2017-03-29,8.0,1,1
3494,5157,2017-04-12,10.0,1,1
3495,5157,2017-04-26,14.0,1,1
3496,5157,2017-05-10,11.0,1,1
3497,5157,2017-05-24,5.0,1,1
3524,5158,2017-03-01,5.0,1,0
3525,5158,2017-03-15,4.0,0,0
3526,5158,2017-03-29,3.0,0,0
3527,5158,2017-04-12,2.0,0,0
3528,5158,2017-04-26,3.0,0,0
3529,5158,2017-05-10,5.0,1,0
3530,5158,2017-05-24,5.0,1,0
3557,5159,2017-03-01,4.0,0,0
3558,5159,2017-03-15,1.0,0,0
3559,5159,2017-03-29,1.0,0,0
3560,5159,2017-04-12,3.0,0,0
3561,5159,2017-04-26,1.0,0,0
3562,5159,2017-05-10,2.0,0,0
3563,5159,2017-05-24,0.0,0,0
3590,5160,2017-03-01,3.0,0,0
3591,5160,2017-03-15,5.0,1,0
3592,5160,2017-03-29,0.0,0,0
3593,5160,2017-04-12,2.0,0,0
3594,5160,2017-04-26,4.0,0,0
3595,5160,2017-05-10,6.0,1,0
3596,5160,2017-05-24,0.0,0,0
3623,5175,2017-03-01,0.0,0,0
3624,5175,2017-03-15,0.0,0,0
3625,5175,2017-03-29,0.0,0,0
3626,5175,2017-04-12,0.0,0,0
3627,5175,2017-04-26,0.0,0,0
3628,5175,2017-05-10,0.0,0,0
3629,5175,2017-05-24,0.0,0,0
3656,5269,2017-03-01,1.0,0,0
3657,5269,2017-03-15,1.0,0,0
3658,5269,2017-03-29,5.0,1,0
3659,5269,2017-04-12,1.0,0,0
3660,5269,2017-04-26,4.0,0,0
3661,5269,2017-05-10,2.0,0,0
3662,5269,2017-05-24,1.0,0,0
3689,5270,2017-03-01,14.0,1,1
3690,5270,2017-03-15,8.0,1,1
3691,5270,2017-03-29,6.0,1,1
3692,5270,2017-04-12,2.0,0,1
3693,5270,2017-04-26,12.0,1,1
3694,5270,2017-05-10,10.0,1,1
3695,5270,2017-05-24,7.0,1,1
3722,5271,2017-03-01,5.0,1,1
3723,5271,2017-03-15,9.0,1,1
3724,5271,2017-03-29,4.0,0,1
3725,5271,2017-04-12,9.0,1,1
3726,5271,2017-04-26,11.0,1,1
3727,5271,2017-05-10,2.0,0,1
3728,5271,2017-05-24,3.0,0,1
3755,5273,2017-03-01,2.0,0,0
3756,5273,2017-03-15,2.0,0,0
3757,5273,2017-03-29,0.0,0,0
3758,5273,2017-04-12,1.0,0,0
3759,5273,2017-04-26,2.0,0,0
3760,5273,2017-05-10,0.0,0,0
3761,5273,2017-05-24,1.0,0,0
3788,5394,2017-03-01,0.0,0,0
3789,5394,2017-03-15,0.0,0,0
3790,5394,2017-03-29,0.0,0,0
3791,5394,2017-04-12,1.0,0,0
3792,5394,2017-04-26,0.0,0,0
3793,5394,2017-05-10,0.0,0,0
3794,5394,2017-05-24,0.0,0,0
3821,5399,2017-03-01,1.0,0,0
3822,5399,2017-03-15,3.0,0,0
3823,5399,2017-03-29,4.0,0,0
3824,5399,2017-04-12,2.0,0,0
3825,5399,2017-04-26,4.0,0,0
3826,5399,2017-05-10,3.0,0,0
3827,5399,2017-05-24,2.0,0,0
3854,5400,2017-03-01,0.0,0,0
3855,5400,2017-03-15,0.0,0,0
3856,5400,2017-03-29,0.0,0,0
3857,5400,2017-04-12,0.0,0,0
3858,5400,2017-04-26,0.0,0,0
3859,5400,2017-05-10,0.0,0,0
3860,5400,2017-05-24,0.0,0,0
3887,5484,2017-03-01,0.0,0,0
3888,5484,2017-03-15,2.0,0,0
3889,5484,2017-03-29,0.0,0,0
3890,5484,2017-04-12,1.0,0,0
3891,5484,2017-04-26,1.0,0,0
3892,5484,2017-05-10,0.0,0,0
3893,5484,2017-05-24,1.0,0,0
3920,5485,2017-03-01,2.0,0,0
3921,5485,2017-03-15,2.0,0,0
3922,5485,2017-03-29,0.0,0,0
3923,5485,2017-04-12,0.0,0,0
3924,5485,2017-04-26,2.0,0,0
3925,5485,2017-05-10,0.0,0,0
3926,5485,2017-05-24,1.0,0,0
3953,5486,2017-03-01,2.0,0,0
3954,5486,2017-03-15,1.0,0,0
3955,5486,2017-03-29,1.0,0,0
3956,5486,2017-04-12,1.0,0,0
3957,5486,2017-04-26,0.0,0,0
3958,5486,2017-05-10,1.0,0,0
3959,5486,2017-05-24,2.0,0,0
3986,5491,2017-03-01,3.0,0,0
3987,5491,2017-03-15,1.0,0,0
3988,5491,2017-03-29,0.0,0,0
3989,5491,2017-04-12,0.0,0,0
3990,5491,2017-04-26,1.0,0,0
3991,5491,2017-05-10,2.0,0,0
3992,5491,2017-05-24,2.0,0,0
4019,5584,2017-03-01,1.0,0,0
4020,5584,2017-03-15,0.0,0,0
4021,5584,2017-03-29,3.0,0,0
4022,5584,2017-04-12,4.0,0,0
4023,5584,2017-04-26,0.0,0,0
4024,5584,2017-05-10,1.0,0,0
4025,5584,2017-05-24,2.0,0,0
4052,5588,2017-03-01,1.0,0,0
4053,5588,2017-03-15,0.0,0,0
4054,5588,2017-03-29,3.0,0,0
4055,5588,2017-04-12,2.0,0,0
4056,5588,2017-04-26,0.0,0,0
4057,5588,2017-05-10,0.0,0,0
4058,5588,2017-05-24,0.0,0,0
4085,5590,2017-03-01,0.0,0,0
4086,5590,2017-03-15,0.0,0,0
4087,5590,2017-03-29,2.0,0,0
4088,5590,2017-04-12,0.0,0,0
4089,5590,2017-04-26,0.0,0,0
4090,5590,2017-05-10,2.0,0,0
4091,5590,2017-05-24,0.0,0,0
4118,5675,2017-03-01,0.0,0,0
4119,5675,2017-03-15,1.0,0,0
4120,5675,2017-03-29,1.0,0,0
4121,5675,2017-04-12,0.0,0,0
4122,5675,2017-04-26,0.0,0,0
4123,5675,2017-05-10,0.0,0,0
4124,5675,2017-05-24,0.0,0,0
4151,5676,2017-03-01,0.0,0,0
4152,5676,2017-03-15,5.0,1,0
4153,5676,2017-03-29,2.0,0,0
4154,5676,2017-04-12,5.0,1,0
4155,5676,2017-04-26,3.0,0,0
4156,5676,2017-05-10,3.0,0,0
4157,5676,2017-05-24,3.0,0,0
4184,5677,2017-03-01,4.0,0,0
4185,5677,2017-03-15,2.0,0,0
4186,5677,2017-03-29,2.0,0,0
4187,5677,2017-04-12,1.0,0,0
4188,5677,2017-04-26,2.0,0,0
4189,5677,2017-05-10,4.0,0,0
4190,5677,2017-05-24,4.0,0,0
4217,5679,2017-03-01,1.0,0,0
4218,5679,2017-03-15,0.0,0,0
4219,5679,2017-03-29,0.0,0,0
4220,5679,2017-04-12,2.0,0,0
4221,5679,2017-04-26,1.0,0,0
4222,5679,2017-05-10,3.0,0,0
4223,5679,2017-05-24,0.0,0,0
4250,5684,2017-03-01,2.0,0,0
4251,5684,2017-03-15,3.0,0,0
4252,5684,2017-03-29,2.0,0,0
4253,5684,2017-04-12,3.0,0,0
4254,5684,2017-04-26,2.0,0,0
4255,5684,2017-05-10,3.0,0,0
4256,5684,2017-05-24,0.0,0,0
4283,5686,2017-03-01,0.0,0,0
4284,5686,2017-03-15,1.0,0,0
4285,5686,2017-03-29,0.0,0,0
4286,5686,2017-04-12,1.0,0,0
4287,5686,2017-04-26,3.0,0,0
4288,5686,2017-05-10,2.0,0,0
4289,5686,2017-05-24,0.0,0,0
4316,5694,2017-03-01,0.0,0,0
4317,5694,2017-03-15,0.0,0,0
4318,5694,2017-03-29,1.0,0,0
4319,5694,2017-04-12,0.0,0,0
4320,5694,2017-04-26,0.0,0,0
4321,5694,2017-05-10,1.0,0,0
4322,5694,2017-05-24,2.0,0,0
4349,5695,2017-03-01,3.0,0,0
4350,5695,2017-03-15,3.0,0,0
4351,5695,2017-03-29,0.0,0,0
4352,5695,2017-04-12,1.0,0,0
4353,5695,2017-04-26,0.0,0,0
4354,5695,2017-05-10,0.0,0,0
4355,5695,2017-05-24,2.0,0,0
4382,5696,2017-03-01,0.0,0,0
4383,5696,2017-03-15,3.0,0,0
4384,5696,2017-03-29,2.0,0,0
4385,5696,2017-04-12,1.0,0,0
4386,5696,2017-04-26,1.0,0,0
4387,5696,2017-05-10,2.0,0,0
4388,5696,2017-05-24,2.0,0,0
4415,5697,2017-03-01,0.0,0,0
4416,5697,2017-03-15,0.0,0,0
4417,5697,2017-03-29,0.0,0,0
4418,5697,2017-04-12,0.0,0,0
4419,5697,2017-04-26,1.0,0,0
4420,5697,2017-05-10,2.0,0,0
4421,5697,2017-05-24,1.0,0,0
4448,5701,2017-03-01,1.0,0,0
4449,5701,2017-03-15,1.0,0,0
4450,5701,2017-03-29,0.0,0,0
4451,5701,2017-04-12,0.0,0,0
4452,5701,2017-04-26,1.0,0,0
4453,5701,2017-05-10,2.0,0,0
4454,5701,2017-05-24,0.0,0,0
4481,5719,2017-03-01,0.0,0,0
4482,5719,2017-03-15,1.0,0,0
4483,5719,2017-03-29,1.0,0,0
4484,5719,2017-04-12,1.0,0,0
4485,5719,2017-04-26,2.0,0,0
4486,5719,2017-05-10,3.0,0,0
4487,5719,2017-05-24,1.0,0,0
4514,5773,2017-03-01,0.0,0,0
4515,5773,2017-03-15,0.0,0,0
4516,5773,2017-03-29,4.0,0,0
4517,5773,2017-04-12,1.0,0,0
4518,5773,2017-04-26,1.0,0,0
4519,5773,2017-05-10,3.0,0,0
4520,5773,2017-05-24,0.0,0,0
4547,5774,2017-03-01,3.0,0,0
4548,5774,2017-03-15,2.0,0,0
4549,5774,2017-03-29,6.0,1,0
4550,5774,2017-04-12,1.0,0,0
4551,5774,2017-04-26,3.0,0,0
4552,5774,2017-05-10,4.0,0,0
4553,5774,2017-05-24,3.0,0,0
4580,5776,2017-03-01,3.0,0,0
4581,5776,2017-03-15,2.0,0,0
4582,5776,2017-03-29,1.0,0,0
4583,5776,2017-04-12,4.0,0,0
4584,5776,2017-04-26,6.0,1,0
4585,5776,2017-05-10,3.0,0,0
4586,5776,2017-05-24,8.0,1,0
4613,5778,2017-03-01,0.0,0,0
4614,5778,2017-03-15,0.0,0,0
4615,5778,2017-03-29,0.0,0,0
4616,5778,2017-04-12,1.0,0,0
4617,5778,2017-04-26,3.0,0,0
4618,5778,2017-05-10,1.0,0,0
4619,5778,2017-05-24,0.0,0,0
4646,5783,2017-03-01,4.0,0,0
4647,5783,2017-03-15,3.0,0,0
4648,5783,2017-03-29,4.0,0,0
4649,5783,2017-04-12,0.0,0,0
4650,5783,2017-04-26,1.0,0,0
4651,5783,2017-05-10,2.0,0,0
4652,5783,2017-05-24,4.0,0,0
4679,5802,2017-03-01,1.0,0,0
4680,5802,2017-03-15,0.0,0,0
4681,5802,2017-03-29,1.0,0,0
4682,5802,2017-04-12,1.0,0,0
4683,5802,2017-04-26,3.0,0,0
4684,5802,2017-05-10,3.0,0,0
4685,5802,2017-05-24,2.0,0,0
4712,5809,2017-03-01,0.0,0,0
4713,5809,2017-03-15,1.0,0,0
4714,5809,2017-03-29,0.0,0,0
4715,5809,2017-04-12,2.0,0,0
4716,5809,2017-04-26,0.0,0,0
4717,5809,2017-05-10,0.0,0,0
4718,5809,2017-05-24,0.0,0,0
4745,5812,2017-03-01,2.0,0,0
4746,5812,2017-03-15,1.0,0,0
4747,5812,2017-03-29,3.0,0,0
4748,5812,2017-04-12,2.0,0,0
4749,5812,2017-04-26,2.0,0,0
4750,5812,2017-05-10,2.0,0,0
4751,5812,2017-05-24,1.0,0,0
4778,5865,2017-03-01,1.0,0,0
4779,5865,2017-03-15,0.0,0,0
4780,5865,2017-03-29,0.0,0,0
4781,5865,2017-04-12,0.0,0,0
4782,5865,2017-04-26,0.0,0,0
4783,5865,2017-05-10,1.0,0,0
4784,5865,2017-05-24,0.0,0,0
4811,5872,2017-03-01,4.0,0,0
4812,5872,2017-03-15,0.0,0,0
4813,5872,2017-03-29,3.0,0,0
4814,5872,2017-04-12,1.0,0,0
4815,5872,2017-04-26,1.0,0,0
4816,5872,2017-05-10,4.0,0,0
4817,5872,2017-05-24,0.0,0,0
4844,5892,2017-03-01,0.0,0,0
4845,5892,2017-03-15,0.0,0,0
4846,5892,2017-03-29,0.0,0,0
4847,5892,2017-04-12,0.0,0,0
4848,5892,2017-04-26,0.0,0,0
4849,5892,2017-05-10,0.0,0,0
4850,5892,2017-05-24,0.0,0,0
4877,5955,2017-03-01,1.0,0,0
4878,5955,2017-03-15,0.0,0,0
4879,5955,2017-03-29,0.0,0,0
4880,5955,2017-04-12,0.0,0,0
4881,5955,2017-04-26,0.0,0,0
4882,5955,2017-05-10,0.0,0,0
4883,5955,2017-05-24,0.0,0,0
4910,5967,2017-03-01,1.0,0,0
4911,5967,2017-03-15,5.0,1,0
4912,5967,2017-03-29,7.0,1,0
4913,5967,2017-04-12,2.0,0,0
4914,5967,2017-04-26,1.0,0,0
4915,5967,2017-05-10,0.0,0,0
4916,5967,2017-05-24,0.0,0,0
4943,5968,2017-03-01,0.0,0,0
4944,5968,2017-03-15,1.0,0,0
4945,5968,2017-03-29,3.0,0,0
4946,5968,2017-04-12,3.0,0,0
4947,5968,2017-04-26,0.0,0,0
4948,5968,2017-05-10,2.0,0,0
4949,5968,2017-05-24,1.0,0,0
4976,5969,2017-03-01,5.0,1,0
4977,5969,2017-03-15,4.0,0,0
4978,5969,2017-03-29,0.0,0,0
4979,5969,2017-04-12,1.0,0,0
4980,5969,2017-04-26,1.0,0,0
4981,5969,2017-05-10,5.0,1,0
4982,5969,2017-05-24,1.0,0,0
5009,5975,2017-03-01,2.0,0,0
5010,5975,2017-03-15,2.0,0,0
5011,5975,2017-03-29,0.0,0,0
5012,5975,2017-04-12,1.0,0,0
5013,5975,2017-04-26,1.0,0,0
5014,5975,2017-05-10,1.0,0,0
5015,5975,2017-05-24,0.0,0,0
5042,5977,2017-03-01,3.0,0,0
5043,5977,2017-03-15,0.0,0,0
5044,5977,2017-03-29,4.0,0,0
5045,5977,2017-04-12,1.0,0,0
5046,5977,2017-04-26,1.0,0,0
5047,5977,2017-05-10,4.0,0,0
5048,5977,2017-05-24,1.0,0,0
5075,5987,2017-03-01,0.0,0,0
5076,5987,2017-03-15,0.0,0,0
5077,5987,2017-03-29,0.0,0,0
5078,5987,2017-04-12,0.0,0,0
5079,5987,2017-04-26,0.0,0,0
5080,5987,2017-05-10,0.0,0,0
5081,5987,2017-05-24,0.0,0,0
5108,5993,2017-03-01,0.0,0,0
5109,5993,2017-03-15,0.0,0,0
5110,5993,2017-03-29,0.0,0,0
5111,5993,2017-04-12,0.0,0,0
5112,5993,2017-04-26,1.0,0,0
5113,5993,2017-05-10,0.0,0,0
5114,5993,2017-05-24,0.0,0,0
5141,6048,2017-03-01,0.0,0,0
5142,6048,2017-03-15,2.0,0,0
5143,6048,2017-03-29,0.0,0,0
5144,6048,2017-04-12,0.0,0,0
5145,6048,2017-04-26,0.0,0,0
5146,6048,2017-05-10,0.0,0,0
5147,6048,2017-05-24,0.0,0,0
5174,6049,2017-03-01,0.0,0,0
5175,6049,2017-03-15,1.0,0,0
5176,6049,2017-03-29,0.0,0,0
5177,6049,2017-04-12,1.0,0,0
5178,6049,2017-04-26,0.0,0,0
5179,6049,2017-05-10,0.0,0,0
5180,6049,2017-05-24,0.0,0,0
5207,6066,2017-03-01,0.0,0,0
5208,6066,2017-03-15,1.0,0,0
5209,6066,2017-03-29,1.0,0,0
5210,6066,2017-04-12,0.0,0,0
5211,6066,2017-04-26,1.0,0,0
5212,6066,2017-05-10,0.0,0,0
5213,6066,2017-05-24,0.0,0,0
5240,6073,2017-03-01,3.0,0,0
5241,6073,2017-03-15,2.0,0,0
5242,6073,2017-03-29,4.0,0,0
5243,6073,2017-04-12,3.0,0,0
5244,6073,2017-04-26,3.0,0,0
5245,6073,2017-05-10,4.0,0,0
5246,6073,2017-05-24,0.0,0,0
5273,6074,2017-03-01,9.0,1,1
5274,6074,2017-03-15,1.0,0,1
5275,6074,2017-03-29,3.0,0,1
5276,6074,2017-04-12,2.0,0,1
5277,6074,2017-04-26,7.0,1,0
5278,6074,2017-05-10,2.0,0,0
5279,6074,2017-05-24,2.0,0,0
5306,6076,2017-03-01,0.0,0,0
5307,6076,2017-03-15,1.0,0,0
5308,6076,2017-03-29,2.0,0,0
5309,6076,2017-04-12,1.0,0,0
5310,6076,2017-04-26,1.0,0,0
5311,6076,2017-05-10,0.0,0,0
5312,6076,2017-05-24,1.0,0,0
5339,6172,2017-03-01,6.0,1,0
5340,6172,2017-03-15,1.0,0,0
5341,6172,2017-03-29,3.0,0,0
5342,6172,2017-04-12,1.0,0,0
5343,6172,2017-04-26,4.0,0,0
5344,6172,2017-05-10,2.0,0,0
5345,6172,2017-05-24,0.0,0,0
5372,6182,2017-03-01,0.0,0,0
5373,6182,2017-03-15,0.0,0,0
5374,6182,2017-03-29,0.0,0,0
5375,6182,2017-04-12,0.0,0,0
5376,6182,2017-04-26,0.0,0,0
5377,6182,2017-05-10,0.0,0,0
5378,6182,2017-05-24,0.0,0,0
5405,6340,2017-03-01,0.0,0,0
5406,6340,2017-03-15,2.0,0,0
5407,6340,2017-03-29,0.0,0,0
5408,6340,2017-04-12,2.0,0,0
5409,6340,2017-04-26,0.0,0,0
5410,6340,2017-05-10,1.0,0,0
5411,6340,2017-05-24,0.0,0,0
5438,6349,2017-03-01,0.0,0,0
5439,6349,2017-03-15,2.0,0,0
5440,6349,2017-03-29,0.0,0,0
5441,6349,2017-04-12,0.0,0,0
5442,6349,2017-04-26,1.0,0,0
5443,6349,2017-05-10,0.0,0,0
5444,6349,2017-05-24,0.0,0,0
5471,6609,2017-03-01,0.0,0,0
5472,6609,2017-03-15,0.0,0,0
5473,6609,2017-03-29,0.0,0,0
5474,6609,2017-04-12,1.0,0,0
5475,6609,2017-04-26,0.0,0,0
5476,6609,2017-05-10,1.0,0,0
5477,6609,2017-05-24,1.0,0,0
5504,6610,2017-03-01,0.0,0,0
5505,6610,2017-03-15,0.0,0,0
5506,6610,2017-03-29,0.0,0,0
5507,6610,2017-04-12,0.0,0,0
5508,6610,2017-04-26,1.0,0,0
5509,6610,2017-05-10,0.0,0,0
5510,6610,2017-05-24,0.0,0,0
5537,6615,2017-03-01,0.0,0,0
5538,6615,2017-03-15,2.0,0,0
5539,6615,2017-03-29,0.0,0,0
5540,6615,2017-04-12,0.0,0,0
5541,6615,2017-04-26,0.0,0,0
5542,6615,2017-05-10,0.0,0,0
5543,6615,2017-05-24,0.0,0,0
5570,6819,2017-03-01,1.0,0,0
5571,6819,2017-03-15,0.0,0,0
5572,6819,2017-03-29,0.0,0,0
5573,6819,2017-04-12,2.0,0,0
5574,6819,2017-04-26,2.0,0,0
5575,6819,2017-05-10,1.0,0,0
5576,6819,2017-05-24,1.0,0,0
5603,6989,2017-03-01,4.0,0,0
5604,6989,2017-03-15,0.0,0,0
5605,6989,2017-03-29,0.0,0,0
5606,6989,2017-04-12,1.0,0,0
5607,6989,2017-04-26,3.0,0,0
5608,6989,2017-05-10,1.0,0,0
5609,6989,2017-05-24,0.0,0,0
5636,7079,2017-03-01,1.0,0,0
5637,7079,2017-03-15,1.0,0,0
5638,7079,2017-03-29,1.0,0,0
5639,7079,2017-04-12,6.0,1,0
5640,7079,2017-04-26,8.0,1,0
5641,7079,2017-05-10,5.0,1,0
5642,7079,2017-05-24,1.0,0,0
5669,7084,2017-03-01,1.0,0,0
5670,7084,2017-03-15,1.0,0,0
5671,7084,2017-03-29,0.0,0,0
5672,7084,2017-04-12,4.0,0,0
5673,7084,2017-04-26,0.0,0,0
5674,7084,2017-05-10,2.0,0,0
5675,7084,2017-05-24,2.0,0,0
5702,7163,2017-03-01,6.0,1,0
5703,7163,2017-03-15,0.0,0,0
5704,7163,2017-03-29,1.0,0,0
5705,7163,2017-04-12,2.0,0,0
5706,7163,2017-04-26,1.0,0,0
5707,7163,2017-05-10,0.0,0,0
5708,7163,2017-05-24,1.0,0,0
5735,7165,2017-03-01,0.0,0,0
5736,7165,2017-03-15,0.0,0,0
5737,7165,2017-03-29,0.0,0,0
5738,7165,2017-04-12,0.0,0,0
5739,7165,2017-04-26,0.0,0,0
5740,7165,2017-05-10,0.0,0,0
5741,7165,2017-05-24,0.0,0,0
5768,7176,2017-03-01,5.0,1,0
5769,7176,2017-03-15,0.0,0,0
5770,7176,2017-03-29,0.0,0,0
5771,7176,2017-04-12,4.0,0,0
5772,7176,2017-04-26,1.0,0,0
5773,7176,2017-05-10,2.0,0,0
5774,7176,2017-05-24,2.0,0,0
5801,7177,2017-03-01,1.0,0,0
5802,7177,2017-03-15,0.0,0,0
5803,7177,2017-03-29,0.0,0,0
5804,7177,2017-04-12,0.0,0,0
5805,7177,2017-04-26,0.0,0,0
5806,7177,2017-05-10,0.0,0,0
5807,7177,2017-05-24,0.0,0,0
5834,7339,2017-03-01,1.0,0,0
5835,7339,2017-03-15,2.0,0,0
5836,7339,2017-03-29,1.0,0,0
5837,7339,2017-04-12,1.0,0,0
5838,7339,2017-04-26,0.0,0,0
5839,7339,2017-05-10,1.0,0,0
5840,7339,2017-05-24,0.0,0,0
5867,7422,2017-03-01,1.0,0,0
5868,7422,2017-03-15,2.0,0,0
5869,7422,2017-03-29,0.0,0,0
5870,7422,2017-04-12,2.0,0,0
5871,7422,2017-04-26,0.0,0,0
5872,7422,2017-05-10,2.0,0,0
5873,7422,2017-05-24,0.0,0,0
5900,7520,2017-03-01,0.0,0,0
5901,7520,2017-03-15,0.0,0,0
5902,7520,2017-03-29,0.0,0,0
5903,7520,2017-04-12,0.0,0,0
5904,7520,2017-04-26,2.0,0,0
5905,7520,2017-05-10,0.0,0,0
5906,7520,2017-05-24,0.0,0,0
5933,7623,2017-03-01,0.0,0,0
5934,7623,2017-03-15,0.0,0,0
5935,7623,2017-03-29,0.0,0,0
5936,7623,2017-04-12,0.0,0,0
5937,7623,2017-04-26,0.0,0,0
5938,7623,2017-05-10,0.0,0,0
5939,7623,2017-05-24,0.0,0,0
5966,7897,2017-03-01,0.0,0,0
5967,7897,2017-03-15,0.0,0,0
5968,7897,2017-03-29,2.0,0,0
5969,7897,2017-04-12,0.0,0,0
5970,7897,2017-04-26,1.0,0,0
5971,7897,2017-05-10,4.0,0,0
5972,7897,2017-05-24,0.0,0,0
5999,7915,2017-03-01,0.0,0,0
6000,7915,2017-03-15,0.0,0,0
6001,7915,2017-03-29,0.0,0,0
6002,7915,2017-04-12,0.0,0,0
6003,7915,2017-04-26,0.0,0,0
6004,7915,2017-05-10,1.0,0,0
6005,7915,2017-05-24,0.0,0,0
6032,7990,2017-03-01,0.0,0,0
6033,7990,2017-03-15,0.0,0,0
6034,7990,2017-03-29,0.0,0,0
6035,7990,2017-04-12,1.0,0,0
6036,7990,2017-04-26,0.0,0,0
6037,7990,2017-05-10,0.0,0,0
6038,7990,2017-05-24,0.0,0,0
6065,7991,2017-03-01,3.0,0,0
6066,7991,2017-03-15,0.0,0,0
6067,7991,2017-03-29,1.0,0,0
6068,7991,2017-04-12,0.0,0,0
6069,7991,2017-04-26,2.0,0,0
6070,7991,2017-05-10,4.0,0,0
6071,7991,2017-05-24,3.0,0,0
6098,8106,2017-03-01,2.0,0,0
6099,8106,2017-03-15,0.0,0,0
6100,8106,2017-03-29,0.0,0,0
6101,8106,2017-04-12,0.0,0,0
6102,8106,2017-04-26,0.0,0,0
6103,8106,2017-05-10,1.0,0,0
6104,8106,2017-05-24,1.0,0,0
6131,8151,2017-03-01,0.0,0,0
6132,8151,2017-03-15,0.0,0,0
6133,8151,2017-03-29,0.0,0,0
6134,8151,2017-04-12,0.0,0,0
6135,8151,2017-04-26,1.0,0,0
6136,8151,2017-05-10,0.0,0,0
6137,8151,2017-05-24,0.0,0,0
6164,8186,2017-03-01,0.0,0,0
6165,8186,2017-03-15,0.0,0,0
6166,8186,2017-03-29,0.0,0,0
6167,8186,2017-04-12,0.0,0,0
6168,8186,2017-04-26,0.0,0,0
6169,8186,2017-05-10,0.0,0,0
6170,8186,2017-05-24,0.0,0,0
6197,8226,2017-03-01,1.0,0,0
6198,8226,2017-03-15,0.0,0,0
6199,8226,2017-03-29,2.0,0,0
6200,8226,2017-04-12,4.0,0,0
6201,8226,2017-04-26,1.0,0,0
6202,8226,2017-05-10,3.0,0,0
6203,8226,2017-05-24,1.0,0,0
6230,8227,2017-03-01,0.0,0,0
6231,8227,2017-03-15,0.0,0,0
6232,8227,2017-03-29,0.0,0,0
6233,8227,2017-04-12,0.0,0,0
6234,8227,2017-04-26,0.0,0,0
6235,8227,2017-05-10,0.0,0,0
6236,8227,2017-05-24,0.0,0,0
6263,8250,2017-03-01,0.0,0,0
6264,8250,2017-03-15,0.0,0,0
6265,8250,2017-03-29,0.0,0,0
6266,8250,2017-04-12,0.0,0,0
6267,8250,2017-04-26,1.0,0,0
6268,8250,2017-05-10,2.0,0,0
6269,8250,2017-05-24,0.0,0,0
6296,8258,2017-03-01,0.0,0,0
6297,8258,2017-03-15,0.0,0,0
6298,8258,2017-03-29,0.0,0,0
6299,8258,2017-04-12,0.0,0,0
6300,8258,2017-04-26,0.0,0,0
6301,8258,2017-05-10,0.0,0,0
6302,8258,2017-05-24,0.0,0,0
6329,8303,2017-03-01,0.0,0,0
6330,8303,2017-03-15,1.0,0,0
6331,8303,2017-03-29,1.0,0,0
6332,8303,2017-04-12,0.0,0,0
6333,8303,2017-04-26,0.0,0,0
6334,8303,2017-05-10,0.0,0,0
6335,8303,2017-05-24,1.0,0,0
6362,8304,2017-03-01,0.0,0,0
6363,8304,2017-03-15,1.0,0,0
6364,8304,2017-03-29,0.0,0,0
6365,8304,2017-04-12,0.0,0,0
6366,8304,2017-04-26,2.0,0,0
6367,8304,2017-05-10,0.0,0,0
6368,8304,2017-05-24,0.0,0,0
6395,8331,2017-03-01,2.0,0,0
6396,8331,2017-03-15,0.0,0,0
6397,8331,2017-03-29,1.0,0,0
6398,8331,2017-04-12,1.0,0,0
6399,8331,2017-04-26,0.0,0,0
6400,8331,2017-05-10,0.0,0,0
6401,8331,2017-05-24,1.0,0,0
6428,8381,2017-03-01,0.0,0,0
6429,8381,2017-03-15,0.0,0,0
6430,8381,2017-03-29,1.0,0,0
6431,8381,2017-04-12,2.0,0,0
6432,8381,2017-04-26,0.0,0,0
6433,8381,2017-05-10,1.0,0,0
6434,8381,2017-05-24,2.0,0,0
6461,8399,2017-03-01,0.0,0,0
6462,8399,2017-03-15,1.0,0,0
6463,8399,2017-03-29,1.0,0,0
6464,8399,2017-04-12,3.0,0,0
6465,8399,2017-04-26,0.0,0,0
6466,8399,2017-05-10,1.0,0,0
6467,8399,2017-05-24,0.0,0,0
6494,8406,2017-03-01,1.0,0,0
6495,8406,2017-03-15,0.0,0,0
6496,8406,2017-03-29,1.0,0,0
6497,8406,2017-04-12,0.0,0,0
6498,8406,2017-04-26,0.0,0,0
6499,8406,2017-05-10,1.0,0,0
6500,8406,2017-05-24,0.0,0,0
6527,8412,2017-03-01,1.0,0,0
6528,8412,2017-03-15,1.0,0,0
6529,8412,2017-03-29,0.0,0,0
6530,8412,2017-04-12,0.0,0,0
6531,8412,2017-04-26,0.0,0,0
6532,8412,2017-05-10,0.0,0,0
6533,8412,2017-05-24,0.0,0,0
6560,8458,2017-03-01,4.0,0,0
6561,8458,2017-03-15,3.0,0,0
6562,8458,2017-03-29,3.0,0,0
6563,8458,2017-04-12,1.0,0,0
6564,8458,2017-04-26,2.0,0,0
6565,8458,2017-05-10,2.0,0,0
6566,8458,2017-05-24,0.0,0,0
6593,8479,2017-03-01,0.0,0,0
6594,8479,2017-03-15,2.0,0,0
6595,8479,2017-03-29,0.0,0,0
6596,8479,2017-04-12,1.0,0,0
6597,8479,2017-04-26,0.0,0,0
6598,8479,2017-05-10,0.0,0,0
6599,8479,2017-05-24,0.0,0,0
6626,8488,2017-03-01,1.0,0,0
6627,8488,2017-03-15,1.0,0,0
6628,8488,2017-03-29,3.0,0,0
6629,8488,2017-04-12,2.0,0,0
6630,8488,2017-04-26,1.0,0,0
6631,8488,2017-05-10,1.0,0,0
6632,8488,2017-05-24,0.0,0,0
6659,8494,2017-03-01,0.0,0,0
6660,8494,2017-03-15,1.0,0,0
6661,8494,2017-03-29,1.0,0,0
6662,8494,2017-04-12,1.0,0,0
6663,8494,2017-04-26,3.0,0,0
6664,8494,2017-05-10,0.0,0,0
6665,8494,2017-05-24,3.0,0,0
6692,8554,2017-03-01,0.0,0,0
6693,8554,2017-03-15,1.0,0,0
6694,8554,2017-03-29,0.0,0,0
6695,8554,2017-04-12,1.0,0,0
6696,8554,2017-04-26,0.0,0,0
6697,8554,2017-05-10,0.0,0,0
6698,8554,2017-05-24,0.0,0,0
6725,8557,2017-03-01,2.0,0,0
6726,8557,2017-03-15,6.0,1,0
6727,8557,2017-03-29,8.0,1,0
6728,8557,2017-04-12,2.0,0,0
6729,8557,2017-04-26,0.0,0,0
6730,8557,2017-05-10,2.0,0,0
6731,8557,2017-05-24,2.0,0,0
6758,8565,2017-03-01,0.0,0,0
6759,8565,2017-03-15,0.0,0,0
6760,8565,2017-03-29,0.0,0,0
6761,8565,2017-04-12,2.0,0,0
6762,8565,2017-04-26,0.0,0,0
6763,8565,2017-05-10,1.0,0,0
6764,8565,2017-05-24,1.0,0,0
6791,8575,2017-03-01,0.0,0,0
6792,8575,2017-03-15,4.0,0,0
6793,8575,2017-03-29,5.0,1,0
6794,8575,2017-04-12,1.0,0,0
6795,8575,2017-04-26,0.0,0,0
6796,8575,2017-05-10,1.0,0,0
6797,8575,2017-05-24,1.0,0,0
6824,8642,2017-03-01,3.0,0,0
6825,8642,2017-03-15,0.0,0,0
6826,8642,2017-03-29,0.0,0,0
6827,8642,2017-04-12,0.0,0,0
6828,8642,2017-04-26,0.0,0,0
6829,8642,2017-05-10,0.0,0,0
6830,8642,2017-05-24,1.0,0,0
6857,8643,2017-03-01,2.0,0,0
6858,8643,2017-03-15,1.0,0,0
6859,8643,2017-03-29,4.0,0,0
6860,8643,2017-04-12,2.0,0,0
6861,8643,2017-04-26,1.0,0,0
6862,8643,2017-05-10,4.0,0,0
6863,8643,2017-05-24,1.0,0,0
6890,8644,2017-03-01,3.0,0,0
6891,8644,2017-03-15,4.0,0,0
6892,8644,2017-03-29,1.0,0,0
6893,8644,2017-04-12,4.0,0,0
6894,8644,2017-04-26,1.0,0,0
6895,8644,2017-05-10,2.0,0,0
6896,8644,2017-05-24,0.0,0,0
6923,8645,2017-03-01,0.0,0,0
6924,8645,2017-03-15,3.0,0,0
6925,8645,2017-03-29,1.0,0,0
6926,8645,2017-04-12,0.0,0,0
6927,8645,2017-04-26,0.0,0,0
6928,8645,2017-05-10,1.0,0,0
6929,8645,2017-05-24,0.0,0,0
6956,8648,2017-03-01,2.0,0,0
6957,8648,2017-03-15,0.0,0,0
6958,8648,2017-03-29,0.0,0,0
6959,8648,2017-04-12,0.0,0,0
6960,8648,2017-04-26,0.0,0,0
6961,8648,2017-05-10,0.0,0,0
6962,8648,2017-05-24,0.0,0,0
6989,8651,2017-03-01,1.0,0,0
6990,8651,2017-03-15,1.0,0,0
6991,8651,2017-03-29,0.0,0,0
6992,8651,2017-04-12,0.0,0,0
6993,8651,2017-04-26,1.0,0,0
6994,8651,2017-05-10,2.0,0,0
6995,8651,2017-05-24,0.0,0,0
7022,8653,2017-03-01,4.0,0,0
7023,8653,2017-03-15,8.0,1,0
7024,8653,2017-03-29,5.0,1,1
7025,8653,2017-04-12,5.0,1,1
7026,8653,2017-04-26,6.0,1,1
7027,8653,2017-05-10,4.0,0,1
7028,8653,2017-05-24,5.0,1,1
7055,8657,2017-03-01,1.0,0,0
7056,8657,2017-03-15,1.0,0,0
7057,8657,2017-03-29,1.0,0,0
7058,8657,2017-04-12,1.0,0,0
7059,8657,2017-04-26,0.0,0,0
7060,8657,2017-05-10,0.0,0,0
7061,8657,2017-05-24,2.0,0,0
7088,8666,2017-03-01,3.0,0,0
7089,8666,2017-03-15,3.0,0,0
7090,8666,2017-03-29,3.0,0,0
7091,8666,2017-04-12,0.0,0,0
7092,8666,2017-04-26,0.0,0,0
7093,8666,2017-05-10,1.0,0,0
7094,8666,2017-05-24,0.0,0,0
7121,8668,2017-03-01,2.0,0,0
7122,8668,2017-03-15,2.0,0,0
7123,8668,2017-03-29,1.0,0,0
7124,8668,2017-04-12,1.0,0,0
7125,8668,2017-04-26,1.0,0,0
7126,8668,2017-05-10,2.0,0,0
7127,8668,2017-05-24,2.0,0,0
7154,8712,2017-03-01,0.0,0,0
7155,8712,2017-03-15,0.0,0,0
7156,8712,2017-03-29,0.0,0,0
7157,8712,2017-04-12,0.0,0,0
7158,8712,2017-04-26,0.0,0,0
7159,8712,2017-05-10,0.0,0,0
7160,8712,2017-05-24,0.0,0,0
7187,8721,2017-03-01,1.0,0,0
7188,8721,2017-03-15,1.0,0,0
7189,8721,2017-03-29,1.0,0,0
7190,8721,2017-04-12,1.0,0,0
7191,8721,2017-04-26,2.0,0,0
7192,8721,2017-05-10,0.0,0,0
7193,8721,2017-05-24,1.0,0,0
7220,8728,2017-03-01,0.0,0,0
7221,8728,2017-03-15,0.0,0,0
7222,8728,2017-03-29,2.0,0,0
7223,8728,2017-04-12,0.0,0,0
7224,8728,2017-04-26,1.0,0,0
7225,8728,2017-05-10,1.0,0,0
7226,8728,2017-05-24,0.0,0,0
7253,8749,2017-03-01,1.0,0,0
7254,8749,2017-03-15,1.0,0,0
7255,8749,2017-03-29,0.0,0,0
7256,8749,2017-04-12,0.0,0,0
7257,8749,2017-04-26,0.0,0,0
7258,8749,2017-05-10,2.0,0,0
7259,8749,2017-05-24,1.0,0,0
7286,8754,2017-03-01,2.0,0,0
7287,8754,2017-03-15,4.0,0,0
7288,8754,2017-03-29,2.0,0,0
7289,8754,2017-04-12,1.0,0,0
7290,8754,2017-04-26,2.0,0,0
7291,8754,2017-05-10,0.0,0,0
7292,8754,2017-05-24,0.0,0,0
7319,8761,2017-03-01,3.0,0,0
7320,8761,2017-03-15,0.0,0,0
7321,8761,2017-03-29,3.0,0,0
7322,8761,2017-04-12,2.0,0,0
7323,8761,2017-04-26,2.0,0,0
7324,8761,2017-05-10,3.0,0,0
7325,8761,2017-05-24,1.0,0,0
7352,8762,2017-03-01,0.0,0,0
7353,8762,2017-03-15,1.0,0,0
7354,8762,2017-03-29,1.0,0,0
7355,8762,2017-04-12,2.0,0,0
7356,8762,2017-04-26,0.0,0,0
7357,8762,2017-05-10,2.0,0,0
7358,8762,2017-05-24,2.0,0,0
7385,8763,2017-03-01,1.0,0,0
7386,8763,2017-03-15,0.0,0,0
7387,8763,2017-03-29,1.0,0,0
7388,8763,2017-04-12,1.0,0,0
7389,8763,2017-04-26,0.0,0,0
7390,8763,2017-05-10,1.0,0,0
7391,8763,2017-05-24,0.0,0,0
7418,8764,2017-03-01,0.0,0,0
7419,8764,2017-03-15,1.0,0,0
7420,8764,2017-03-29,1.0,0,0
7421,8764,2017-04-12,0.0,0,0
7422,8764,2017-04-26,0.0,0,0
7423,8764,2017-05-10,1.0,0,0
7424,8764,2017-05-24,0.0,0,0
7451,8765,2017-03-01,5.0,1,0
7452,8765,2017-03-15,2.0,0,0
7453,8765,2017-03-29,5.0,1,0
7454,8765,2017-04-12,4.0,0,0
7455,8765,2017-04-26,4.0,0,0
7456,8765,2017-05-10,3.0,0,0
7457,8765,2017-05-24,2.0,0,0
7484,8768,2017-03-01,3.0,0,0
7485,8768,2017-03-15,8.0,1,0
7486,8768,2017-03-29,4.0,0,0
7487,8768,2017-04-12,3.0,0,0
7488,8768,2017-04-26,1.0,0,0
7489,8768,2017-05-10,1.0,0,0
7490,8768,2017-05-24,0.0,0,0
7517,8799,2017-03-01,0.0,0,0
7518,8799,2017-03-15,0.0,0,0
7519,8799,2017-03-29,2.0,0,0
7520,8799,2017-04-12,0.0,0,0
7521,8799,2017-04-26,1.0,0,0
7522,8799,2017-05-10,1.0,0,0
7523,8799,2017-05-24,0.0,0,0
7550,8806,2017-03-01,2.0,0,0
7551,8806,2017-03-15,2.0,0,0
7552,8806,2017-03-29,2.0,0,0
7553,8806,2017-04-12,3.0,0,0
7554,8806,2017-04-26,1.0,0,0
7555,8806,2017-05-10,1.0,0,0
7556,8806,2017-05-24,0.0,0,0
7583,8808,2017-03-01,0.0,0,0
7584,8808,2017-03-15,0.0,0,0
7585,8808,2017-03-29,0.0,0,0
7586,8808,2017-04-12,2.0,0,0
7587,8808,2017-04-26,2.0,0,0
7588,8808,2017-05-10,1.0,0,0
7589,8808,2017-05-24,0.0,0,0
7616,8811,2017-03-01,0.0,0,0
7617,8811,2017-03-15,2.0,0,0
7618,8811,2017-03-29,2.0,0,0
7619,8811,2017-04-12,0.0,0,0
7620,8811,2017-04-26,1.0,0,0
7621,8811,2017-05-10,1.0,0,0
7622,8811,2017-05-24,0.0,0,0
7649,8842,2017-03-01,1.0,0,0
7650,8842,2017-03-15,0.0,0,0
7651,8842,2017-03-29,3.0,0,0
7652,8842,2017-04-12,1.0,0,0
7653,8842,2017-04-26,3.0,0,0
7654,8842,2017-05-10,1.0,0,0
7655,8842,2017-05-24,0.0,0,0
7682,8881,2017-03-01,0.0,0,0
7683,8881,2017-03-15,0.0,0,0
7684,8881,2017-03-29,0.0,0,0
7685,8881,2017-04-12,0.0,0,0
7686,8881,2017-04-26,1.0,0,0
7687,8881,2017-05-10,1.0,0,0
7688,8881,2017-05-24,0.0,0,0
7715,8894,2017-03-01,0.0,0,0
7716,8894,2017-03-15,0.0,0,0
7717,8894,2017-03-29,0.0,0,0
7718,8894,2017-04-12,0.0,0,0
7719,8894,2017-04-26,0.0,0,0
7720,8894,2017-05-10,0.0,0,0
7721,8894,2017-05-24,0.0,0,0
7748,8956,2017-03-01,0.0,0,0
7749,8956,2017-03-15,1.0,0,0
7750,8956,2017-03-29,1.0,0,0
7751,8956,2017-04-12,1.0,0,0
7752,8956,2017-04-26,3.0,0,0
7753,8956,2017-05-10,1.0,0,0
7754,8956,2017-05-24,0.0,0,0
7781,8968,2017-03-01,0.0,0,0
7782,8968,2017-03-15,0.0,0,0
7783,8968,2017-03-29,0.0,0,0
7784,8968,2017-04-12,1.0,0,0
7785,8968,2017-04-26,0.0,0,0
7786,8968,2017-05-10,2.0,0,0
7787,8968,2017-05-24,2.0,0,0
7814,8970,2017-03-01,0.0,0,0
7815,8970,2017-03-15,1.0,0,0
7816,8970,2017-03-29,1.0,0,0
7817,8970,2017-04-12,1.0,0,0
7818,8970,2017-04-26,1.0,0,0
7819,8970,2017-05-10,0.0,0,0
7820,8970,2017-05-24,0.0,0,0
7847,8973,2017-03-01,0.0,0,0
7848,8973,2017-03-15,3.0,0,0
7849,8973,2017-03-29,1.0,0,0
7850,8973,2017-04-12,0.0,0,0
7851,8973,2017-04-26,3.0,0,0
7852,8973,2017-05-10,0.0,0,0
7853,8973,2017-05-24,0.0,0,0
7880,8974,2017-03-01,2.0,0,0
7881,8974,2017-03-15,0.0,0,0
7882,8974,2017-03-29,4.0,0,0
7883,8974,2017-04-12,0.0,0,0
7884,8974,2017-04-26,1.0,0,0
7885,8974,2017-05-10,1.0,0,0
7886,8974,2017-05-24,1.0,0,0
7913,8978,2017-03-01,0.0,0,0
7914,8978,2017-03-15,0.0,0,0
7915,8978,2017-03-29,0.0,0,0
7916,8978,2017-04-12,1.0,0,0
7917,8978,2017-04-26,0.0,0,0
7918,8978,2017-05-10,1.0,0,0
7919,8978,2017-05-24,1.0,0,0
7946,8987,2017-03-01,1.0,0,0
7947,8987,2017-03-15,1.0,0,0
7948,8987,2017-03-29,1.0,0,0
7949,8987,2017-04-12,1.0,0,0
7950,8987,2017-04-26,0.0,0,0
7951,8987,2017-05-10,0.0,0,0
7952,8987,2017-05-24,0.0,0,0
7979,9061,2017-03-01,0.0,0,0
7980,9061,2017-03-15,1.0,0,0
7981,9061,2017-03-29,0.0,0,0
7982,9061,2017-04-12,1.0,0,0
7983,9061,2017-04-26,0.0,0,0
7984,9061,2017-05-10,1.0,0,0
7985,9061,2017-05-24,0.0,0,0
8012,9071,2017-03-01,0.0,0,0
8013,9071,2017-03-15,3.0,0,0
8014,9071,2017-03-29,3.0,0,0
8015,9071,2017-04-12,2.0,0,0
8016,9071,2017-04-26,7.0,1,0
8017,9071,2017-05-10,0.0,0,0
8018,9071,2017-05-24,2.0,0,0
8045,9093,2017-03-01,0.0,0,0
8046,9093,2017-03-15,1.0,0,0
8047,9093,2017-03-29,0.0,0,0
8048,9093,2017-04-12,1.0,0,0
8049,9093,2017-04-26,0.0,0,0
8050,9093,2017-05-10,0.0,0,0
8051,9093,2017-05-24,0.0,0,0
8078,9211,2017-03-01,0.0,0,0
8079,9211,2017-03-15,1.0,0,0
8080,9211,2017-03-29,1.0,0,0
8081,9211,2017-04-12,2.0,0,0
8082,9211,2017-04-26,0.0,0,0
8083,9211,2017-05-10,1.0,0,0
8084,9211,2017-05-24,0.0,0,0
8111,9212,2017-03-01,0.0,0,0
8112,9212,2017-03-15,1.0,0,0
8113,9212,2017-03-29,2.0,0,0
8114,9212,2017-04-12,2.0,0,0
8115,9212,2017-04-26,0.0,0,0
8116,9212,2017-05-10,0.0,0,0
8117,9212,2017-05-24,0.0,0,0
8144,9236,2017-03-01,0.0,0,0
8145,9236,2017-03-15,1.0,0,0
8146,9236,2017-03-29,2.0,0,0
8147,9236,2017-04-12,3.0,0,0
8148,9236,2017-04-26,2.0,0,0
8149,9236,2017-05-10,1.0,0,0
8150,9236,2017-05-24,1.0,0,0
8177,9243,2017-03-01,0.0,0,0
8178,9243,2017-03-15,4.0,0,0
8179,9243,2017-03-29,2.0,0,0
8180,9243,2017-04-12,1.0,0,0
8181,9243,2017-04-26,1.0,0,0
8182,9243,2017-05-10,2.0,0,0
8183,9243,2017-05-24,2.0,0,0
8210,9257,2017-03-01,0.0,0,0
8211,9257,2017-03-15,2.0,0,0
8212,9257,2017-03-29,0.0,0,0
8213,9257,2017-04-12,1.0,0,0
8214,9257,2017-04-26,1.0,0,0
8215,9257,2017-05-10,1.0,0,0
8216,9257,2017-05-24,0.0,0,0
8243,9259,2017-03-01,2.0,0,0
8244,9259,2017-03-15,0.0,0,0
8245,9259,2017-03-29,1.0,0,0
8246,9259,2017-04-12,0.0,0,0
8247,9259,2017-04-26,1.0,0,0
8248,9259,2017-05-10,1.0,0,0
8249,9259,2017-05-24,0.0,0,0
8276,9317,2017-03-01,0.0,0,0
8277,9317,2017-03-15,0.0,0,0
8278,9317,2017-03-29,1.0,0,0
8279,9317,2017-04-12,0.0,0,0
8280,9317,2017-04-26,1.0,0,0
8281,9317,2017-05-10,3.0,0,0
8282,9317,2017-05-24,1.0,0,0
8309,9323,2017-03-01,2.0,0,0
8310,9323,2017-03-15,0.0,0,0
8311,9323,2017-03-29,0.0,0,0
8312,9323,2017-04-12,1.0,0,0
8313,9323,2017-04-26,0.0,0,0
8314,9323,2017-05-10,1.0,0,0
8315,9323,2017-05-24,0.0,0,0
8342,9326,2017-03-01,3.0,0,0
8343,9326,2017-03-15,1.0,0,0
8344,9326,2017-03-29,1.0,0,0
8345,9326,2017-04-12,4.0,0,0
8346,9326,2017-04-26,4.0,0,0
8347,9326,2017-05-10,0.0,0,0
8348,9326,2017-05-24,2.0,0,0
8375,9378,2017-03-01,0.0,0,0
8376,9378,2017-03-15,2.0,0,0
8377,9378,2017-03-29,0.0,0,0
8378,9378,2017-04-12,0.0,0,0
8379,9378,2017-04-26,1.0,0,0
8380,9378,2017-05-10,0.0,0,0
8381,9378,2017-05-24,0.0,0,0
8408,9381,2017-03-01,1.0,0,0
8409,9381,2017-03-15,0.0,0,0
8410,9381,2017-03-29,0.0,0,0
8411,9381,2017-04-12,0.0,0,0
8412,9381,2017-04-26,1.0,0,0
8413,9381,2017-05-10,0.0,0,0
8414,9381,2017-05-24,0.0,0,0
8441,9402,2017-03-01,1.0,0,0
8442,9402,2017-03-15,2.0,0,0
8443,9402,2017-03-29,1.0,0,0
8444,9402,2017-04-12,1.0,0,0
8445,9402,2017-04-26,4.0,0,0
8446,9402,2017-05-10,1.0,0,0
8447,9402,2017-05-24,1.0,0,0
8474,9404,2017-03-01,5.0,1,0
8475,9404,2017-03-15,2.0,0,0
8476,9404,2017-03-29,1.0,0,0
8477,9404,2017-04-12,1.0,0,0
8478,9404,2017-04-26,1.0,0,0
8479,9404,2017-05-10,0.0,0,0
8480,9404,2017-05-24,0.0,0,0
8507,9408,2017-03-01,1.0,0,0
8508,9408,2017-03-15,0.0,0,0
8509,9408,2017-03-29,0.0,0,0
8510,9408,2017-04-12,0.0,0,0
8511,9408,2017-04-26,0.0,0,0
8512,9408,2017-05-10,2.0,0,0
8513,9408,2017-05-24,2.0,0,0
8540,9420,2017-03-01,0.0,0,0
8541,9420,2017-03-15,1.0,0,0
8542,9420,2017-03-29,1.0,0,0
8543,9420,2017-04-12,4.0,0,0
8544,9420,2017-04-26,1.0,0,0
8545,9420,2017-05-10,1.0,0,0
8546,9420,2017-05-24,1.0,0,0
8573,9461,2017-03-01,1.0,0,0
8574,9461,2017-03-15,1.0,0,0
8575,9461,2017-03-29,0.0,0,0
8576,9461,2017-04-12,0.0,0,0
8577,9461,2017-04-26,0.0,0,0
8578,9461,2017-05-10,0.0,0,0
8579,9461,2017-05-24,3.0,0,0
8606,9485,2017-03-01,0.0,0,0
8607,9485,2017-03-15,1.0,0,0
8608,9485,2017-03-29,0.0,0,0
8609,9485,2017-04-12,2.0,0,0
8610,9485,2017-04-26,2.0,0,0
8611,9485,2017-05-10,2.0,0,0
8612,9485,2017-05-24,1.0,0,0
8639,9502,2017-03-01,6.0,1,0
8640,9502,2017-03-15,1.0,0,0
8641,9502,2017-03-29,2.0,0,0
8642,9502,2017-04-12,1.0,0,0
8643,9502,2017-04-26,1.0,0,0
8644,9502,2017-05-10,1.0,0,0
8645,9502,2017-05-24,2.0,0,0
8672,9623,2017-03-01,0.0,0,0
8673,9623,2017-03-15,0.0,0,0
8674,9623,2017-03-29,0.0,0,0
8675,9623,2017-04-12,0.0,0,0
8676,9623,2017-04-26,1.0,0,0
8677,9623,2017-05-10,0.0,0,0
8678,9623,2017-05-24,1.0,0,0
8705,9652,2017-03-01,0.0,0,0
8706,9652,2017-03-15,1.0,0,0
8707,9652,2017-03-29,0.0,0,0
8708,9652,2017-04-12,0.0,0,0
8709,9652,2017-04-26,0.0,0,0
8710,9652,2017-05-10,0.0,0,0
8711,9652,2017-05-24,0.0,0,0
8738,9653,2017-03-01,0.0,0,0
8739,9653,2017-03-15,1.0,0,0
8740,9653,2017-03-29,1.0,0,0
8741,9653,2017-04-12,0.0,0,0
8742,9653,2017-04-26,0.0,0,0
8743,9653,2017-05-10,0.0,0,0
8744,9653,2017-05-24,0.0,0,0
8771,9747,2017-03-01,0.0,0,0
8772,9747,2017-03-15,0.0,0,0
8773,9747,2017-03-29,0.0,0,0
8774,9747,2017-04-12,0.0,0,0
8775,9747,2017-04-26,0.0,0,0
8776,9747,2017-05-10,0.0,0,0
8777,9747,2017-05-24,0.0,0,0
8804,9834,2017-03-01,0.0,0,0
8805,9834,2017-03-15,2.0,0,0
8806,9834,2017-03-29,0.0,0,0
8807,9834,2017-04-12,0.0,0,0
8808,9834,2017-04-26,0.0,0,0
8809,9834,2017-05-10,1.0,0,0
8810,9834,2017-05-24,1.0,0,0
8837,9906,2017-03-01,0.0,0,0
8838,9906,2017-03-15,0.0,0,0
8839,9906,2017-03-29,0.0,0,0
8840,9906,2017-04-12,0.0,0,0
8841,9906,2017-04-26,0.0,0,0
8842,9906,2017-05-10,0.0,0,0
8843,9906,2017-05-24,1.0,0,0
8870,9920,2017-03-01,1.0,0,0
8871,9920,2017-03-15,1.0,0,0
8872,9920,2017-03-29,4.0,0,0
8873,9920,2017-04-12,0.0,0,0
8874,9920,2017-04-26,4.0,0,0
8875,9920,2017-05-10,1.0,0,0
8876,9920,2017-05-24,2.0,0,0
8903,9967,2017-03-01,0.0,0,0
8904,9967,2017-03-15,3.0,0,0
8905,9967,2017-03-29,1.0,0,0
8906,9967,2017-04-12,0.0,0,0
8907,9967,2017-04-26,0.0,0,0
8908,9967,2017-05-10,0.0,0,0
8909,9967,2017-05-24,1.0,0,0
8936,9983,2017-03-01,0.0,0,0
8937,9983,2017-03-15,0.0,0,0
8938,9983,2017-03-29,1.0,0,0
8939,9983,2017-04-12,2.0,0,0
8940,9983,2017-04-26,1.0,0,0
8941,9983,2017-05-10,3.0,0,0
8942,9983,2017-05-24,1.0,0,0
8969,10006,2017-03-01,2.0,0,0
8970,10006,2017-03-15,0.0,0,0
8971,10006,2017-03-29,2.0,0,0
8972,10006,2017-04-12,0.0,0,0
8973,10006,2017-04-26,1.0,0,0
8974,10006,2017-05-10,2.0,0,0
8975,10006,2017-05-24,0.0,0,0
9002,10054,2017-03-01,1.0,0,0
9003,10054,2017-03-15,2.0,0,0
9004,10054,2017-03-29,0.0,0,0
9005,10054,2017-04-12,2.0,0,0
9006,10054,2017-04-26,2.0,0,0
9007,10054,2017-05-10,1.0,0,0
9008,10054,2017-05-24,0.0,0,0
9035,10055,2017-03-01,1.0,0,0
9036,10055,2017-03-15,0.0,0,0
9037,10055,2017-03-29,0.0,0,0
9038,10055,2017-04-12,0.0,0,0
9039,10055,2017-04-26,0.0,0,0
9040,10055,2017-05-10,0.0,0,0
9041,10055,2017-05-24,1.0,0,0
9068,10068,2017-03-01,3.0,0,0
9069,10068,2017-03-15,1.0,0,0
9070,10068,2017-03-29,2.0,0,0
9071,10068,2017-04-12,1.0,0,0
9072,10068,2017-04-26,0.0,0,0
9073,10068,2017-05-10,0.0,0,0
9074,10068,2017-05-24,0.0,0,0
9101,10069,2017-03-01,2.0,0,0
9102,10069,2017-03-15,2.0,0,0
9103,10069,2017-03-29,6.0,1,0
9104,10069,2017-04-12,2.0,0,0
9105,10069,2017-04-26,1.0,0,0
9106,10069,2017-05-10,3.0,0,0
9107,10069,2017-05-24,0.0,0,0
9134,10137,2017-03-01,0.0,0,0
9135,10137,2017-03-15,0.0,0,0
9136,10137,2017-03-29,0.0,0,0
9137,10137,2017-04-12,1.0,0,0
9138,10137,2017-04-26,1.0,0,0
9139,10137,2017-05-10,1.0,0,0
9140,10137,2017-05-24,0.0,0,0
9167,10139,2017-03-01,3.0,0,0
9168,10139,2017-03-15,0.0,0,0
9169,10139,2017-03-29,3.0,0,0
9170,10139,2017-04-12,1.0,0,0
9171,10139,2017-04-26,4.0,0,0
9172,10139,2017-05-10,2.0,0,0
9173,10139,2017-05-24,2.0,0,0
9200,10140,2017-03-01,0.0,0,0
9201,10140,2017-03-15,1.0,0,0
9202,10140,2017-03-29,3.0,0,0
9203,10140,2017-04-12,0.0,0,0
9204,10140,2017-04-26,3.0,0,0
9205,10140,2017-05-10,3.0,0,0
9206,10140,2017-05-24,0.0,0,0
9233,10143,2017-03-01,1.0,0,0
9234,10143,2017-03-15,1.0,0,0
9235,10143,2017-03-29,3.0,0,0
9236,10143,2017-04-12,1.0,0,0
9237,10143,2017-04-26,1.0,0,0
9238,10143,2017-05-10,0.0,0,0
9239,10143,2017-05-24,0.0,0,0
9266,10152,2017-03-01,3.0,0,0
9267,10152,2017-03-15,3.0,0,0
9268,10152,2017-03-29,3.0,0,0
9269,10152,2017-04-12,1.0,0,0
9270,10152,2017-04-26,0.0,0,0
9271,10152,2017-05-10,1.0,0,0
9272,10152,2017-05-24,1.0,0,0
9299,10154,2017-03-01,8.0,1,0
9300,10154,2017-03-15,1.0,0,0
9301,10154,2017-03-29,4.0,0,0
9302,10154,2017-04-12,4.0,0,0
9303,10154,2017-04-26,2.0,0,0
9304,10154,2017-05-10,1.0,0,0
9305,10154,2017-05-24,2.0,0,0
9332,10155,2017-03-01,3.0,0,0
9333,10155,2017-03-15,2.0,0,0
9334,10155,2017-03-29,2.0,0,0
9335,10155,2017-04-12,0.0,0,0
9336,10155,2017-04-26,6.0,1,0
9337,10155,2017-05-10,7.0,1,0
9338,10155,2017-05-24,1.0,0,0
9365,10156,2017-03-01,5.0,1,1
9366,10156,2017-03-15,3.0,0,1
9367,10156,2017-03-29,1.0,0,1
9368,10156,2017-04-12,1.0,0,0
9369,10156,2017-04-26,4.0,0,0
9370,10156,2017-05-10,7.0,1,0
9371,10156,2017-05-24,0.0,0,0
9398,10157,2017-03-01,0.0,0,0
9399,10157,2017-03-15,2.0,0,0
9400,10157,2017-03-29,1.0,0,0
9401,10157,2017-04-12,0.0,0,0
9402,10157,2017-04-26,1.0,0,0
9403,10157,2017-05-10,1.0,0,0
9404,10157,2017-05-24,2.0,0,0
9431,10219,2017-03-01,0.0,0,0
9432,10219,2017-03-15,0.0,0,0
9433,10219,2017-03-29,0.0,0,0
9434,10219,2017-04-12,0.0,0,0
9435,10219,2017-04-26,0.0,0,0
9436,10219,2017-05-10,0.0,0,0
9437,10219,2017-05-24,0.0,0,0
9464,10223,2017-03-01,0.0,0,0
9465,10223,2017-03-15,1.0,0,0
9466,10223,2017-03-29,2.0,0,0
9467,10223,2017-04-12,3.0,0,0
9468,10223,2017-04-26,3.0,0,0
9469,10223,2017-05-10,4.0,0,0
9470,10223,2017-05-24,1.0,0,0
9497,10227,2017-03-01,1.0,0,0
9498,10227,2017-03-15,1.0,0,0
9499,10227,2017-03-29,4.0,0,0
9500,10227,2017-04-12,4.0,0,0
9501,10227,2017-04-26,2.0,0,0
9502,10227,2017-05-10,0.0,0,0
9503,10227,2017-05-24,1.0,0,0
9530,10228,2017-03-01,1.0,0,0
9531,10228,2017-03-15,1.0,0,0
9532,10228,2017-03-29,2.0,0,0
9533,10228,2017-04-12,0.0,0,0
9534,10228,2017-04-26,0.0,0,0
9535,10228,2017-05-10,1.0,0,0
9536,10228,2017-05-24,1.0,0,0
9563,10296,2017-03-01,1.0,0,0
9564,10296,2017-03-15,0.0,0,0
9565,10296,2017-03-29,1.0,0,0
9566,10296,2017-04-12,1.0,0,0
9567,10296,2017-04-26,1.0,0,0
9568,10296,2017-05-10,0.0,0,0
9569,10296,2017-05-24,1.0,0,0
9596,10310,2017-03-01,0.0,0,0
9597,10310,2017-03-15,0.0,0,0
9598,10310,2017-03-29,0.0,0,0
9599,10310,2017-04-12,1.0,0,0
9600,10310,2017-04-26,0.0,0,0
9601,10310,2017-05-10,0.0,0,0
9602,10310,2017-05-24,0.0,0,0
9629,10311,2017-03-01,1.0,0,0
9630,10311,2017-03-15,2.0,0,0
9631,10311,2017-03-29,0.0,0,0
9632,10311,2017-04-12,1.0,0,0
9633,10311,2017-04-26,1.0,0,0
9634,10311,2017-05-10,0.0,0,0
9635,10311,2017-05-24,0.0,0,0
9662,10312,2017-03-01,1.0,0,0
9663,10312,2017-03-15,2.0,0,0
9664,10312,2017-03-29,0.0,0,0
9665,10312,2017-04-12,0.0,0,0
9666,10312,2017-04-26,1.0,0,0
9667,10312,2017-05-10,2.0,0,0
9668,10312,2017-05-24,0.0,0,0
9695,10322,2017-03-01,0.0,0,0
9696,10322,2017-03-15,2.0,0,0
9697,10322,2017-03-29,0.0,0,0
9698,10322,2017-04-12,0.0,0,0
9699,10322,2017-04-26,1.0,0,0
9700,10322,2017-05-10,1.0,0,0
9701,10322,2017-05-24,1.0,0,0
9728,10323,2017-03-01,0.0,0,0
9729,10323,2017-03-15,0.0,0,0
9730,10323,2017-03-29,0.0,0,0
9731,10323,2017-04-12,0.0,0,0
9732,10323,2017-04-26,0.0,0,0
9733,10323,2017-05-10,1.0,0,0
9734,10323,2017-05-24,1.0,0,0
9761,10342,2017-03-01,3.0,0,0
9762,10342,2017-03-15,0.0,0,0
9763,10342,2017-03-29,1.0,0,0
9764,10342,2017-04-12,0.0,0,0
9765,10342,2017-04-26,0.0,0,0
9766,10342,2017-05-10,1.0,0,0
9767,10342,2017-05-24,0.0,0,0
9794,10390,2017-03-01,0.0,0,0
9795,10390,2017-03-15,1.0,0,0
9796,10390,2017-03-29,0.0,0,0
9797,10390,2017-04-12,0.0,0,0
9798,10390,2017-04-26,2.0,0,0
9799,10390,2017-05-10,0.0,0,0
9800,10390,2017-05-24,1.0,0,0
9827,10392,2017-03-01,1.0,0,0
9828,10392,2017-03-15,0.0,0,0
9829,10392,2017-03-29,0.0,0,0
9830,10392,2017-04-12,1.0,0,0
9831,10392,2017-04-26,1.0,0,0
9832,10392,2017-05-10,1.0,0,0
9833,10392,2017-05-24,1.0,0,0
9860,10397,2017-03-01,0.0,0,0
9861,10397,2017-03-15,1.0,0,0
9862,10397,2017-03-29,0.0,0,0
9863,10397,2017-04-12,0.0,0,0
9864,10397,2017-04-26,1.0,0,0
9865,10397,2017-05-10,1.0,0,0
9866,10397,2017-05-24,0.0,0,0
9893,10470,2017-03-01,0.0,0,0
9894,10470,2017-03-15,0.0,0,0
9895,10470,2017-03-29,0.0,0,0
9896,10470,2017-04-12,0.0,0,0
9897,10470,2017-04-26,0.0,0,0
9898,10470,2017-05-10,0.0,0,0
9899,10470,2017-05-24,0.0,0,0
9926,10473,2017-03-01,1.0,0,0
9927,10473,2017-03-15,0.0,0,0
9928,10473,2017-03-29,2.0,0,0
9929,10473,2017-04-12,1.0,0,0
9930,10473,2017-04-26,0.0,0,0
9931,10473,2017-05-10,4.0,0,0
9932,10473,2017-05-24,1.0,0,0
9959,10508,2017-03-01,0.0,0,0
9960,10508,2017-03-15,1.0,0,0
9961,10508,2017-03-29,2.0,0,0
9962,10508,2017-04-12,2.0,0,0
9963,10508,2017-04-26,7.0,1,0
9964,10508,2017-05-10,0.0,0,0
9965,10508,2017-05-24,0.0,0,0
9992,10554,2017-03-01,1.0,0,0
9993,10554,2017-03-15,1.0,0,0
9994,10554,2017-03-29,0.0,0,0
9995,10554,2017-04-12,0.0,0,0
9996,10554,2017-04-26,3.0,0,0
9997,10554,2017-05-10,2.0,0,0
9998,10554,2017-05-24,0.0,0,0
10025,10555,2017-03-01,0.0,0,0
10026,10555,2017-03-15,2.0,0,0
10027,10555,2017-03-29,1.0,0,0
10028,10555,2017-04-12,0.0,0,0
10029,10555,2017-04-26,1.0,0,0
10030,10555,2017-05-10,2.0,0,0
10031,10555,2017-05-24,0.0,0,0
10058,10562,2017-03-01,0.0,0,0
10059,10562,2017-03-15,0.0,0,0
10060,10562,2017-03-29,1.0,0,0
10061,10562,2017-04-12,1.0,0,0
10062,10562,2017-04-26,1.0,0,0
10063,10562,2017-05-10,0.0,0,0
10064,10562,2017-05-24,0.0,0,0
10091,10634,2017-03-01,2.0,0,0
10092,10634,2017-03-15,0.0,0,0
10093,10634,2017-03-29,3.0,0,0
10094,10634,2017-04-12,0.0,0,0
10095,10634,2017-04-26,1.0,0,0
10096,10634,2017-05-10,1.0,0,0
10097,10634,2017-05-24,1.0,0,0
10124,10635,2017-03-01,1.0,0,0
10125,10635,2017-03-15,0.0,0,0
10126,10635,2017-03-29,0.0,0,0
10127,10635,2017-04-12,1.0,0,0
10128,10635,2017-04-26,0.0,0,0
10129,10635,2017-05-10,2.0,0,0
10130,10635,2017-05-24,1.0,0,0
10157,10638,2017-03-01,0.0,0,0
10158,10638,2017-03-15,1.0,0,0
10159,10638,2017-03-29,2.0,0,0
10160,10638,2017-04-12,2.0,0,0
10161,10638,2017-04-26,0.0,0,0
10162,10638,2017-05-10,2.0,0,0
10163,10638,2017-05-24,1.0,0,0
10190,10649,2017-03-01,0.0,0,0
10191,10649,2017-03-15,1.0,0,0
10192,10649,2017-03-29,0.0,0,0
10193,10649,2017-04-12,1.0,0,0
10194,10649,2017-04-26,0.0,0,0
10195,10649,2017-05-10,0.0,0,0
10196,10649,2017-05-24,1.0,0,0
10223,10669,2017-03-01,2.0,0,0
10224,10669,2017-03-15,2.0,0,0
10225,10669,2017-03-29,1.0,0,0
10226,10669,2017-04-12,1.0,0,0
10227,10669,2017-04-26,0.0,0,0
10228,10669,2017-05-10,3.0,0,0
10229,10669,2017-05-24,0.0,0,0
10256,10718,2017-03-01,0.0,0,0
10257,10718,2017-03-15,0.0,0,0
10258,10718,2017-03-29,2.0,0,0
10259,10718,2017-04-12,0.0,0,0
10260,10718,2017-04-26,0.0,0,0
10261,10718,2017-05-10,1.0,0,0
10262,10718,2017-05-24,1.0,0,0
10289,10723,2017-03-01,0.0,0,0
10290,10723,2017-03-15,0.0,0,0
10291,10723,2017-03-29,0.0,0,0
10292,10723,2017-04-12,0.0,0,0
10293,10723,2017-04-26,0.0,0,0
10294,10723,2017-05-10,0.0,0,0
10295,10723,2017-05-24,0.0,0,0
10322,10727,2017-03-01,0.0,0,0
10323,10727,2017-03-15,2.0,0,0
10324,10727,2017-03-29,1.0,0,0
10325,10727,2017-04-12,0.0,0,0
10326,10727,2017-04-26,0.0,0,0
10327,10727,2017-05-10,0.0,0,0
10328,10727,2017-05-24,0.0,0,0
10355,10749,2017-03-01,2.0,0,0
10356,10749,2017-03-15,0.0,0,0
10357,10749,2017-03-29,2.0,0,0
10358,10749,2017-04-12,2.0,0,0
10359,10749,2017-04-26,0.0,0,0
10360,10749,2017-05-10,2.0,0,0
10361,10749,2017-05-24,1.0,0,0
10388,10798,2017-03-01,0.0,0,0
10389,10798,2017-03-15,0.0,0,0
10390,10798,2017-03-29,2.0,0,0
10391,10798,2017-04-12,0.0,0,0
10392,10798,2017-04-26,0.0,0,0
10393,10798,2017-05-10,1.0,0,0
10394,10798,2017-05-24,0.0,0,0
10421,10828,2017-03-01,0.0,0,0
10422,10828,2017-03-15,1.0,0,0
10423,10828,2017-03-29,0.0,0,0
10424,10828,2017-04-12,0.0,0,0
10425,10828,2017-04-26,0.0,0,0
10426,10828,2017-05-10,1.0,0,0
10427,10828,2017-05-24,0.0,0,0
10454,10877,2017-03-01,3.0,0,0
10455,10877,2017-03-15,4.0,0,0
10456,10877,2017-03-29,4.0,0,0
10457,10877,2017-04-12,3.0,0,0
10458,10877,2017-04-26,3.0,0,0
10459,10877,2017-05-10,3.0,0,0
10460,10877,2017-05-24,1.0,0,0
10487,10902,2017-03-01,0.0,0,0
10488,10902,2017-03-15,0.0,0,0
10489,10902,2017-03-29,0.0,0,0
10490,10902,2017-04-12,0.0,0,0
10491,10902,2017-04-26,0.0,0,0
10492,10902,2017-05-10,0.0,0,0
10493,10902,2017-05-24,0.0,0,0
10520,10908,2017-03-01,1.0,0,0
10521,10908,2017-03-15,0.0,0,0
10522,10908,2017-03-29,0.0,0,0
10523,10908,2017-04-12,0.0,0,0
10524,10908,2017-04-26,0.0,0,0
10525,10908,2017-05-10,1.0,0,0
10526,10908,2017-05-24,1.0,0,0
10553,10953,2017-03-01,0.0,0,0
10554,10953,2017-03-15,0.0,0,0
10555,10953,2017-03-29,1.0,0,0
10556,10953,2017-04-12,0.0,0,0
10557,10953,2017-04-26,0.0,0,0
10558,10953,2017-05-10,1.0,0,0
10559,10953,2017-05-24,0.0,0,0
10586,10987,2017-03-01,0.0,0,0
10587,10987,2017-03-15,0.0,0,0
10588,10987,2017-03-29,0.0,0,0
10589,10987,2017-04-12,1.0,0,0
10590,10987,2017-04-26,2.0,0,0
10591,10987,2017-05-10,2.0,0,0
10592,10987,2017-05-24,0.0,0,0
10619,11034,2017-03-01,3.0,0,0
10620,11034,2017-03-15,1.0,0,0
10621,11034,2017-03-29,2.0,0,0
10622,11034,2017-04-12,1.0,0,0
10623,11034,2017-04-26,0.0,0,0
10624,11034,2017-05-10,0.0,0,0
10625,11034,2017-05-24,2.0,0,0
10652,11042,2017-03-01,0.0,0,0
10653,11042,2017-03-15,1.0,0,0
10654,11042,2017-03-29,1.0,0,0
10655,11042,2017-04-12,0.0,0,0
10656,11042,2017-04-26,0.0,0,0
10657,11042,2017-05-10,0.0,0,0
10658,11042,2017-05-24,0.0,0,0
10685,11043,2017-03-01,1.0,0,0
10686,11043,2017-03-15,0.0,0,0
10687,11043,2017-03-29,1.0,0,0
10688,11043,2017-04-12,0.0,0,0
10689,11043,2017-04-26,1.0,0,0
10690,11043,2017-05-10,1.0,0,0
10691,11043,2017-05-24,1.0,0,0
10718,11044,2017-03-01,1.0,0,0
10719,11044,2017-03-15,1.0,0,0
10720,11044,2017-03-29,1.0,0,0
10721,11044,2017-04-12,0.0,0,0
10722,11044,2017-04-26,0.0,0,0
10723,11044,2017-05-10,1.0,0,0
10724,11044,2017-05-24,0.0,0,0
10751,11107,2017-03-01,0.0,0,0
10752,11107,2017-03-15,0.0,0,0
10753,11107,2017-03-29,0.0,0,0
10754,11107,2017-04-12,0.0,0,0
10755,11107,2017-04-26,0.0,0,0
10756,11107,2017-05-10,0.0,0,0
10757,11107,2017-05-24,1.0,0,0
10784,11119,2017-03-01,4.0,0,0
10785,11119,2017-03-15,0.0,0,0
10786,11119,2017-03-29,0.0,0,0
10787,11119,2017-04-12,4.0,0,0
10788,11119,2017-04-26,2.0,0,0
10789,11119,2017-05-10,2.0,0,0
10790,11119,2017-05-24,0.0,0,0
10817,11120,2017-03-01,2.0,0,0
10818,11120,2017-03-15,3.0,0,0
10819,11120,2017-03-29,1.0,0,0
10820,11120,2017-04-12,1.0,0,0
10821,11120,2017-04-26,0.0,0,0
10822,11120,2017-05-10,0.0,0,0
10823,11120,2017-05-24,0.0,0,0
10850,11122,2017-03-01,1.0,0,0
10851,11122,2017-03-15,2.0,0,0
10852,11122,2017-03-29,0.0,0,0
10853,11122,2017-04-12,0.0,0,0
10854,11122,2017-04-26,4.0,0,0
10855,11122,2017-05-10,2.0,0,0
10856,11122,2017-05-24,0.0,0,0
10883,11186,2017-03-01,0.0,0,0
10884,11186,2017-03-15,0.0,0,0
10885,11186,2017-03-29,0.0,0,0
10886,11186,2017-04-12,0.0,0,0
10887,11186,2017-04-26,0.0,0,0
10888,11186,2017-05-10,0.0,0,0
10889,11186,2017-05-24,0.0,0,0
10916,11197,2017-03-01,1.0,0,0
10917,11197,2017-03-15,0.0,0,0
10918,11197,2017-03-29,0.0,0,0
10919,11197,2017-04-12,0.0,0,0
10920,11197,2017-04-26,0.0,0,0
10921,11197,2017-05-10,0.0,0,0
10922,11197,2017-05-24,2.0,0,0
10949,11266,2017-03-01,2.0,0,0
10950,11266,2017-03-15,1.0,0,0
10951,11266,2017-03-29,2.0,0,0
10952,11266,2017-04-12,2.0,0,0
10953,11266,2017-04-26,1.0,0,0
10954,11266,2017-05-10,2.0,0,0
10955,11266,2017-05-24,0.0,0,0
10982,11348,2017-03-01,2.0,0,0
10983,11348,2017-03-15,0.0,0,0
10984,11348,2017-03-29,0.0,0,0
10985,11348,2017-04-12,3.0,0,0
10986,11348,2017-04-26,1.0,0,0
10987,11348,2017-05-10,1.0,0,0
10988,11348,2017-05-24,4.0,0,0
11015,11357,2017-03-01,1.0,0,0
11016,11357,2017-03-15,3.0,0,0
11017,11357,2017-03-29,2.0,0,0
11018,11357,2017-04-12,4.0,0,0
11019,11357,2017-04-26,1.0,0,0
11020,11357,2017-05-10,1.0,0,0
11021,11357,2017-05-24,0.0,0,0
11048,11430,2017-03-01,1.0,0,0
11049,11430,2017-03-15,0.0,0,0
11050,11430,2017-03-29,0.0,0,0
11051,11430,2017-04-12,0.0,0,0
11052,11430,2017-04-26,0.0,0,0
11053,11430,2017-05-10,1.0,0,0
11054,11430,2017-05-24,2.0,0,0
11081,11439,2017-03-01,0.0,0,0
11082,11439,2017-03-15,3.0,0,0
11083,11439,2017-03-29,3.0,0,0
11084,11439,2017-04-12,4.0,0,0
11085,11439,2017-04-26,2.0,0,0
11086,11439,2017-05-10,2.0,0,0
11087,11439,2017-05-24,3.0,0,0
11114,11440,2017-03-01,2.0,0,0
11115,11440,2017-03-15,0.0,0,0
11116,11440,2017-03-29,3.0,0,0
11117,11440,2017-04-12,0.0,0,0
11118,11440,2017-04-26,4.0,0,0
11119,11440,2017-05-10,5.0,1,0
11120,11440,2017-05-24,1.0,0,0
11147,11441,2017-03-01,3.0,0,0
11148,11441,2017-03-15,5.0,1,0
11149,11441,2017-03-29,9.0,1,0
11150,11441,2017-04-12,6.0,1,1
11151,11441,2017-04-26,5.0,1,1
11152,11441,2017-05-10,5.0,1,1
11153,11441,2017-05-24,2.0,0,1
11180,11508,2017-03-01,1.0,0,0
11181,11508,2017-03-15,1.0,0,0
11182,11508,2017-03-29,2.0,0,0
11183,11508,2017-04-12,1.0,0,0
11184,11508,2017-04-26,2.0,0,0
11185,11508,2017-05-10,4.0,0,0
11186,11508,2017-05-24,0.0,0,0
11213,11513,2017-03-01,0.0,0,0
11214,11513,2017-03-15,1.0,0,0
11215,11513,2017-03-29,0.0,0,0
11216,11513,2017-04-12,1.0,0,0
11217,11513,2017-04-26,0.0,0,0
11218,11513,2017-05-10,0.0,0,0
11219,11513,2017-05-24,0.0,0,0
11246,11514,2017-03-01,0.0,0,0
11247,11514,2017-03-15,0.0,0,0
11248,11514,2017-03-29,0.0,0,0
11249,11514,2017-04-12,0.0,0,0
11250,11514,2017-04-26,1.0,0,0
11251,11514,2017-05-10,0.0,0,0
11252,11514,2017-05-24,0.0,0,0
11279,11515,2017-03-01,0.0,0,0
11280,11515,2017-03-15,1.0,0,0
11281,11515,2017-03-29,0.0,0,0
11282,11515,2017-04-12,0.0,0,0
11283,11515,2017-04-26,0.0,0,0
11284,11515,2017-05-10,0.0,0,0
11285,11515,2017-05-24,1.0,0,0
11312,11516,2017-03-01,9.0,1,0
11313,11516,2017-03-15,5.0,1,0
11314,11516,2017-03-29,8.0,1,1
11315,11516,2017-04-12,3.0,0,1
11316,11516,2017-04-26,3.0,0,1
11317,11516,2017-05-10,4.0,0,1
11318,11516,2017-05-24,2.0,0,1
11345,11517,2017-03-01,4.0,0,0
11346,11517,2017-03-15,10.0,1,0
11347,11517,2017-03-29,6.0,1,0
11348,11517,2017-04-12,2.0,0,1
11349,11517,2017-04-26,14.0,1,1
11350,11517,2017-05-10,6.0,1,1
11351,11517,2017-05-24,3.0,0,1
11378,11586,2017-03-01,1.0,0,0
11379,11586,2017-03-15,0.0,0,0
11380,11586,2017-03-29,1.0,0,0
11381,11586,2017-04-12,0.0,0,0
11382,11586,2017-04-26,0.0,0,0
11383,11586,2017-05-10,0.0,0,0
11384,11586,2017-05-24,0.0,0,0
11411,11587,2017-03-01,1.0,0,0
11412,11587,2017-03-15,0.0,0,0
11413,11587,2017-03-29,0.0,0,0
11414,11587,2017-04-12,0.0,0,0
11415,11587,2017-04-26,2.0,0,0
11416,11587,2017-05-10,4.0,0,0
11417,11587,2017-05-24,0.0,0,0
11444,11686,2017-03-01,3.0,0,0
11445,11686,2017-03-15,0.0,0,0
11446,11686,2017-03-29,1.0,0,0
11447,11686,2017-04-12,1.0,0,0
11448,11686,2017-04-26,0.0,0,0
11449,11686,2017-05-10,1.0,0,0
11450,11686,2017-05-24,2.0,0,0
11477,11693,2017-03-01,1.0,0,0
11478,11693,2017-03-15,3.0,0,0
11479,11693,2017-03-29,0.0,0,0
11480,11693,2017-04-12,0.0,0,0
11481,11693,2017-04-26,2.0,0,0
11482,11693,2017-05-10,1.0,0,0
11483,11693,2017-05-24,0.0,0,0
11510,11735,2017-03-01,2.0,0,0
11511,11735,2017-03-15,1.0,0,0
11512,11735,2017-03-29,2.0,0,0
11513,11735,2017-04-12,1.0,0,0
11514,11735,2017-04-26,0.0,0,0
11515,11735,2017-05-10,2.0,0,0
11516,11735,2017-05-24,2.0,0,0
11543,11781,2017-03-01,3.0,0,0
11544,11781,2017-03-15,2.0,0,0
11545,11781,2017-03-29,2.0,0,0
11546,11781,2017-04-12,2.0,0,0
11547,11781,2017-04-26,5.0,1,0
11548,11781,2017-05-10,3.0,0,0
11549,11781,2017-05-24,1.0,0,0
11576,11822,2017-03-01,0.0,0,0
11577,11822,2017-03-15,0.0,0,0
11578,11822,2017-03-29,1.0,0,0
11579,11822,2017-04-12,2.0,0,0
11580,11822,2017-04-26,3.0,0,0
11581,11822,2017-05-10,0.0,0,0
11582,11822,2017-05-24,1.0,0,0
